model,tube_id,figure_id,specimen_id,stage,stage_index,soil_type,test_family,strain_confidence,full_curve_nrmse,strength_only_nrmse,shape_only_nrmse,eps_only_nrmse,lambda_only_nrmse
Mechanical,ST-114,F-15,ST-114B,single,1,SC,single_stage,high_tick_calibrated,0.12857956620848673,0.14983613380649397,0.037214748292556894,0.08072849310911785,0.07567110395573745
Mechanical,ST-116,F-16,ST-116E,single,1,SC,single_stage,high_tick_calibrated,0.17708639852142913,0.07000639343856364,0.10358195107551325,0.11987217947582096,0.03971074463406899
Mechanical,ST-124,F-9,ST-124,single,1,MH,single_stage,high_tick_calibrated,0.17914571430594164,0.08352380813168643,0.09718080387616994,0.1307371895692135,0.1006135018198698
Mechanical,ST-30,F-38,ST-30,1st,1,ML,multistage,template_axis,0.41535321551167725,0.46824879630142624,0.05155644133309142,0.09460863198589042,0.06004299632153599
Mechanical,ST-30,F-38,ST-30,2nd,2,ML,multistage,template_axis,0.08779267593406431,0.10203957135348639,0.15562167657368214,0.12222955806239011,0.03966909694833172
Mechanical,ST-30,F-38,ST-30,3rd,3,ML,multistage,template_axis,0.05251279848955239,0.0014473003314004929,0.052555693049170134,0.08297899560036338,0.14239979022964688
Mechanical,ST-34,F-42,ST-34A,1st,1,ML,multistage,template_axis,0.2581586961286033,0.11035439673801696,0.14649920390467006,0.06756115667622134,0.09823698155826177
Mechanical,ST-34,F-42,ST-34A,2nd,2,ML,multistage,template_axis,0.11821083930538769,0.050547920502604385,0.07572438153842383,0.08845210091677895,0.04526897772721159
Mechanical,ST-34,F-42,ST-34A,3rd,3,ML,multistage,template_axis,0.19861541407253244,0.11778018446143869,0.09881269276315355,0.1306390362872806,0.049854466722626216
Mechanical,ST-34,F-43,ST-34B,1st,1,ML,multistage,template_axis,0.2257819487666125,0.17887596973553943,0.07473642791855747,0.07398454682012406,0.08002634815453417
Mechanical,ST-34,F-43,ST-34B,2nd,2,ML,multistage,template_axis,0.1103755676604449,0.13684513926198022,0.06167769954106208,0.07535273546124457,0.15192653822458893
Mechanical,ST-34,F-43,ST-34B,3rd,3,ML,multistage,template_axis,0.058394321104774626,0.016544692069603587,0.0647126282222174,0.08018846573166387,0.12505643082611043
Mechanical,ST-36,F-2,ST-36,single,1,MH,single_stage,template_axis,0.27772787997771664,0.27652366483850266,0.02386417555582916,0.029508914719880257,0.02925846622006957
Mechanical,ST-37,F-22,ST-37A,1st,1,MH,multistage,template_axis,0.2271883894480221,0.07345329245168558,0.17665217301157954,0.0852889899098769,0.10165811756718178
Mechanical,ST-37,F-22,ST-37A,2nd,2,MH,multistage,template_axis,0.3197371254683308,0.13954537012737328,0.2204422227573157,0.18542189525490366,0.04383064269514987
Mechanical,ST-37,F-23,ST-37B,1st,1,MH,multistage,template_axis,0.08209282199813157,0.054634876899246815,0.08528622473163484,0.17989442486810994,0.18657550685224622
Mechanical,ST-37,F-23,ST-37B,2nd,2,MH,multistage,template_axis,0.2661620820633516,0.16442764935133225,0.15869873269792706,0.058019707436398026,0.20823177408384416
Mechanical,ST-38,F-24,ST-38A,1st,1,MH,multistage,template_axis,0.08659262995614794,0.03703203669190968,0.09226597628088246,0.0784069680600071,0.12097669917530567
Mechanical,ST-38,F-24,ST-38A,2nd,2,MH,multistage,template_axis,0.12184090602995772,0.01192586116142811,0.1141909816756935,0.31204065866575137,0.19591407603765768
Mechanical,ST-38,F-25,ST-38B,1st,1,MH,multistage,template_axis,0.5074927277584679,0.524174558965981,0.03739000624292763,0.06546175725474927,0.05785244502983449
Mechanical,ST-38,F-25,ST-38B,2nd,2,MH,multistage,template_axis,0.12389934399024656,0.08135646879675593,0.06850249787693112,0.04801383889523013,0.12699080732362494
Mechanical,ST-39,F-26,ST-39A,1st,1,MH,multistage,template_axis,0.08617234083337749,0.10788970804059111,0.044526700501696444,0.09803566169802139,0.0722758531385889
Mechanical,ST-39,F-26,ST-39A,2nd,2,MH,multistage,template_axis,0.22415888674002005,0.008230614035255695,0.22989153242248916,0.1839812632277387,0.061607165570866484
Mechanical,ST-39,F-27,ST-39B,1st,1,MH,multistage,template_axis,0.052921010856166475,0.20550885867831717,0.13089859934843043,0.24626508835008235,0.09987966700797808
Mechanical,ST-39,F-27,ST-39B,2nd,2,MH,multistage,template_axis,0.13410544504775346,0.08882123146378437,0.06862959448633305,0.03160292148570708,0.09352406572498045
Mechanical,ST-40,F-4,ST-40,single,1,MH,single_stage,high_tick_calibrated,0.16726480876978705,0.1283808020602192,0.05484360884579175,0.08934746145597207,0.12488793132681102
Mechanical,ST-42,F-5,ST-42,single,1,MH,single_stage,template_axis,0.395838594447926,0.18308333867773136,0.19092594211490155,0.1962150607444966,0.0358141175201537
Mechanical,ST-43,F-6,ST-43,single,1,MH,single_stage,high_tick_calibrated,0.16779201114105347,0.1768247215927548,0.0407954888777559,0.030635702408069444,0.035890351711745615
Mechanical,ST-47,F-8,ST-47,single,1,MH,single_stage,high_tick_calibrated,0.06680180618096748,0.09331085400603506,0.12896641248460783,0.1556722746900178,0.06003660260328858
Mechanical,ST-49,F-28,ST-49A,1st,1,MH,multistage,template_axis,0.060236618771728305,0.010988634237078685,0.06678432848003275,0.16519031002596551,0.10735658754216679
Mechanical,ST-49,F-28,ST-49A,2nd,2,MH,multistage,template_axis,0.21740128224056274,0.12257072722306454,0.11412322373761849,0.1478277695669999,0.049096698126570575
Mechanical,ST-49,F-29,ST-49B,1st,1,MH,multistage,template_axis,0.3603897364746174,0.3444363675926096,0.05470773120600091,0.17845231320128524,0.1557072548515871
Mechanical,ST-49,F-29,ST-49B,2nd,2,MH,multistage,template_axis,0.08964687895864432,0.005321276135935896,0.0941749355092612,0.15838184124445998,0.06436452089654267
Mechanical,ST-49,F-29,ST-49B,3rd,3,MH,multistage,template_axis,0.1762497866102137,0.13302847425041442,0.06352689033713885,0.08726115330576895,0.05883140432177679
Mechanical,ST-50,F-10,ST-50,single,1,MH,single_stage,high_tick_calibrated,0.03727091525501813,0.02017825208542564,0.051764197723233416,0.13001477111577933,0.18010821369387967
Mechanical,ST-51,F-30,ST-51,1st,1,MH,multistage,template_axis,0.14969913995009498,0.17266314378713182,0.22589423869318212,0.1412415246858122,0.11108531099702322
Mechanical,ST-51,F-30,ST-51,2nd,2,MH,multistage,template_axis,0.12629215865773596,0.026561319790576826,0.11707839005228438,0.0515389989248299,0.16303251015980708
Mechanical,ST-52,F-31,ST-52,1st,1,MH,multistage,template_axis,0.0916554271209551,0.022405411136676812,0.07734268504558182,0.10000585648982312,0.1349498048454164
Mechanical,ST-52,F-31,ST-52,2nd,2,MH,multistage,template_axis,0.2822316724430832,0.12611500897394123,0.18748281753585483,0.19851810786368923,0.026661463791859658
Mechanical,ST-53,F-11,ST-53,single,1,MH,single_stage,high_tick_calibrated,0.44351329194934963,0.22014859017272365,0.19918872664348994,0.19546159691576626,0.026705015710113522
Mechanical,ST-54,F-12,ST-54,single,1,MH,single_stage,high_tick_calibrated,0.3637535819628442,0.12965685519803608,0.22593023685215674,0.21355821683618653,0.03683386041663128
Mechanical,ST-57,F-32,ST-57,1st,1,ML,multistage,template_axis,0.19045780654618388,0.1703660351636606,0.05697488225213287,0.089036380362947,0.10119522264693741
Mechanical,ST-57,F-32,ST-57,2nd,2,ML,multistage,template_axis,0.19783048133964848,0.06515956676301705,0.24046151252670855,0.3245929333611689,0.08399088533030305
Mechanical,ST-57,F-32,ST-57,3rd,3,ML,multistage,template_axis,0.22177213500017384,0.03750613492511531,0.24455181005590926,0.3998199006768648,0.14675172876391668
Mechanical,ST-59,F-13,ST-59B,single,1,SC,single_stage,high_tick_calibrated,0.06218758586264394,0.02196313980465805,0.07945730646574845,0.15305835675210933,0.07462722107153762
Mechanical,ST-59,F-33,ST-59A,1st,1,SC,multistage,template_axis,0.10760214238144976,0.20432750071765468,0.09424055184800671,0.31410563302790395,0.18505021376985625
Mechanical,ST-59,F-33,ST-59A,2nd,2,SC,multistage,template_axis,0.4487816433340056,0.2328705845892775,0.30469291840115414,0.2884133018286069,0.04632585350394862
Mechanical,ST-60,F-14,ST-60,single,1,SC,single_stage,high_tick_calibrated,0.15675220687429073,0.033421405538193706,0.12727849330626118,0.16029720009000695,0.07937463817945653
Mechanical,ST-62,F-35,ST-62,1st,1,ML,multistage,template_axis,0.18495307104983333,0.1459759228508542,0.051625028981104985,0.04555962536558246,0.03743230225429385
Mechanical,ST-62,F-35,ST-62,2nd,2,ML,multistage,template_axis,0.12304601125837356,0.03682869074718016,0.09314296699046744,0.09746950957945379,0.05616041120124077
Mechanical,ST-64,F-36,ST-64,1st,1,ML,multistage,template_axis,0.07934165225452701,0.08657285630817092,0.03830692669526441,0.047511185267316805,0.04116800080414439
Mechanical,ST-64,F-36,ST-64,2nd,2,ML,multistage,template_axis,0.266323248995345,0.02326874374539075,0.2805386693954245,0.33840160494718324,0.07616306988334193
Mechanical,ST-65,F-17,ST-65A,single,1,ML,single_stage,template_axis,0.15641214385413382,0.1969178899130248,0.24620686969257063,0.18180912375749475,0.11060788282222776
Mechanical,ST-65,F-18,ST-65B,single,1,ML,single_stage,high_tick_calibrated,0.13816517642884546,0.1972368564926022,0.16322363473071658,0.1261888984076485,0.06015825766975209
Mechanical,ST-74,F-40,ST-74,1st,1,ML,multistage,template_axis,0.13130577815802763,0.08666851781745986,0.2064153966432033,0.15468007790283397,0.08789399067385868
Mechanical,ST-74,F-40,ST-74,2nd,2,ML,multistage,template_axis,0.24412853991081,0.20307790920600033,0.071366792320997,0.06994518188838156,0.06169410337961871
Mechanical,ST-75,F-19,ST-75,single,1,ML,single_stage,high_tick_calibrated,0.2145380371146887,0.0434421570075191,0.25159199382484004,0.24479026966748318,0.0400559055793125
Mechanical,ST-77,F-20,ST-77,single,1,ML,single_stage,high_tick_calibrated,0.1669109924701952,0.17397590996951065,0.05485799105641853,0.09765900135467527,0.15621895199719124
Mechanical,ST-79,F-44,ST-79A,1st,1,ML,multistage,template_axis,0.16033989280939098,0.060985282931942976,0.2137972050763848,0.12806170373377096,0.12442054261660863
Mechanical,ST-79,F-44,ST-79A,2nd,2,ML,multistage,template_axis,0.274930857080701,0.2559961263631941,0.06257549151869236,0.0693045852785955,0.0646339896734338
Mechanical,ST-79,F-44,ST-79A,3rd,3,ML,multistage,template_axis,0.26843899365332835,0.26451813719832556,0.08472969848236536,0.10544305888977062,0.12153304870698776
Mechanical,ST-79,F-45,ST-79B,1st,1,ML,multistage,template_axis,0.38385546617218785,0.3570037082348403,0.03848377825108829,0.05542864918394596,0.0682520600492048
Mechanical,ST-79,F-45,ST-79B,2nd,2,ML,multistage,template_axis,0.13086763257377884,0.15389267975115928,0.22748816635248592,0.10090485236646918,0.13086261646628136
Mechanical,ST-79,F-45,ST-79B,3rd,3,ML,multistage,template_axis,0.18942146026902362,0.12157435047610805,0.0931725936409119,0.05960023570063041,0.11616714467622835
Mechanical,ST-80,F-46,ST-80A,1st,1,ML,multistage,template_axis,0.11796327183958767,0.041980090805926316,0.08050038580087344,0.013078100046246006,0.08499077991201012
Mechanical,ST-80,F-46,ST-80A,2nd,2,ML,multistage,template_axis,0.2743283900996935,0.09876576172187831,0.20270827392485916,0.20094006142751303,0.041517056147230565
Mechanical,ST-80,F-46,ST-80A,3rd,3,ML,multistage,template_axis,0.3236576621584331,0.16080323034870783,0.20746936218242928,0.19913683461578302,0.05259537843933051
Mechanical,ST-80,F-47,ST-80B,1st,1,ML,multistage,template_axis,0.2336429942567857,0.054324775097016796,0.17422712731896423,0.12576480891715028,0.07868550960949286
Mechanical,ST-80,F-47,ST-80B,2nd,2,ML,multistage,template_axis,0.12588438911684383,0.1709283838338614,0.23438152034553242,0.3312936035756508,0.08406479453798588
Mechanical,ST-80,F-47,ST-80B,3rd,3,ML,multistage,template_axis,0.20030890029843854,0.030083325062497553,0.1772941746845,0.14275092070850828,0.06306413967295228
Mechanical,ST-80,F-47,ST-80B,4th,4,ML,multistage,template_axis,0.27935427039041577,0.051936562764534434,0.30796339758378455,0.3899147712111153,0.07711580198556195
Mechanical,ST-81,F-37,ST-81,1st,1,ML,multistage,template_axis,0.2923459190596753,0.1609167119385586,0.13386427295234762,0.10605002460712325,0.053772414560122314
Mechanical,ST-81,F-37,ST-81,2nd,2,ML,multistage,template_axis,0.08064970148362316,0.09054728949365123,0.054003195462049444,0.05385231028160689,0.05613183911027485
Mechanical,ST-81,F-37,ST-81,3rd,3,ML,multistage,template_axis,0.12333917639407208,0.04172055314669504,0.08913293924590814,0.05833159146155021,0.05016938819596358
Mechanical,ST-81,F-37,ST-81,4th,4,ML,multistage,template_axis,0.03252412722250016,0.02212972343174936,0.044346490029853844,0.03882201512615396,0.050007618817178384
Mechanical,ST-83,F-39,ST-83,1st,1,ML,multistage,template_axis,0.25967110388191017,0.23948791898606045,0.10317809536203794,0.08694004662408952,0.13020421390460266
Mechanical,ST-83,F-39,ST-83,2nd,2,ML,multistage,template_axis,0.08084455150853091,0.08601337296302865,0.02938019429152956,0.09830065322269137,0.15803220036888982
Mechanical,ST-83,F-39,ST-83,3rd,3,ML,multistage,template_axis,0.03674235717607058,0.02665633232922354,0.050969933878604594,0.05452717064470895,0.03388331765002424
Mechanical,ST-85,F-21,ST-85,single,1,ML,single_stage,high_tick_calibrated,0.1615669326715365,0.015093479478396888,0.17529647975714568,0.14915821697076725,0.05202425348705029
Mechanical,ST-87,F-41,ST-87,1st,1,ML,multistage,template_axis,0.2711783060127208,0.0786419078191736,0.18408688456121253,0.1387052525690264,0.0772511537086612
Mechanical,ST-87,F-41,ST-87,2nd,2,ML,multistage,template_axis,0.16543217367599888,0.06472128826627951,0.11158359830555761,0.10100785476145101,0.047350109529288996
Mechanical,ST-87,F-41,ST-87,3rd,3,ML,multistage,template_axis,0.24013435336087893,0.1580748947673723,0.10968833656109794,0.06459651843769781,0.08199558802538048
Mechanical,ST-91,F-3,ST-91,single,1,MH,single_stage,template_axis,0.3229893100847842,0.19755082593322668,0.11193272380194336,0.1027007809736258,0.031794723496001875
Mechanical,ST-94,F-7,ST-94,single,1,MH,single_stage,high_tick_calibrated,0.20983779272628608,0.2094686413616685,0.018098942843222856,0.03804739809972141,0.04695043680714162
Suction,ST-114,F-15,ST-114B,single,1,SC,single_stage,high_tick_calibrated,0.10353644037901004,0.12954030441415354,0.042566144255636866,0.08625913053025894,0.07454431636535176
Suction,ST-116,F-16,ST-116E,single,1,SC,single_stage,high_tick_calibrated,0.10824860844845409,0.02258989346642117,0.08551055121765974,0.1081711317676415,0.050573473472965265
Suction,ST-124,F-9,ST-124,single,1,MH,single_stage,high_tick_calibrated,0.30198060950677885,0.1783519363280039,0.11544740620893962,0.145234234478984,0.08903230709593563
Suction,ST-30,F-38,ST-30,1st,1,ML,multistage,template_axis,0.09476594402741524,0.26247959410403043,0.1456822328194199,0.1661798180159269,0.045551115803125944
Suction,ST-30,F-38,ST-30,2nd,2,ML,multistage,template_axis,0.16183924371814473,0.04444686995670566,0.19233999461044568,0.14537170595515359,0.04748717411251179
Suction,ST-30,F-38,ST-30,3rd,3,ML,multistage,template_axis,0.05446844238822127,0.006780588613989986,0.05410659900121208,0.08178781959072064,0.14366625056886775
Suction,ST-34,F-42,ST-34A,1st,1,ML,multistage,template_axis,0.06958412567731788,0.007800596673181617,0.07424008114209821,0.027904716348419345,0.06849527905462781
Suction,ST-34,F-42,ST-34A,2nd,2,ML,multistage,template_axis,0.21140874483079644,0.11322684034620192,0.11753692723610314,0.11615011915011085,0.04333926336975327
Suction,ST-34,F-42,ST-34A,3rd,3,ML,multistage,template_axis,0.20200259205948995,0.12010995191842135,0.10034583059604046,0.13182892149421443,0.04946997528039116
Suction,ST-34,F-43,ST-34B,1st,1,ML,multistage,template_axis,0.12819228097289645,0.010437061574447213,0.12348153678152302,0.05557525945351523,0.11128076878344124
Suction,ST-34,F-43,ST-34B,2nd,2,ML,multistage,template_axis,0.13528795669285465,0.012196774447885719,0.12808799554897915,0.054982692944985236,0.1837563986756496
Suction,ST-34,F-43,ST-34B,3rd,3,ML,multistage,template_axis,0.14121150124933102,0.06013929376426715,0.09953487140606702,0.0700503807383803,0.1423140239548761
Suction,ST-36,F-2,ST-36,single,1,MH,single_stage,template_axis,0.11092389827027914,0.14128633810680183,0.10358820017000574,0.08083208381222519,0.04044210732741313
Suction,ST-37,F-22,ST-37A,1st,1,MH,multistage,template_axis,0.2212882413785468,0.053958666930896314,0.18525296698593424,0.08224585151493921,0.11184120918598929
Suction,ST-37,F-22,ST-37A,2nd,2,MH,multistage,template_axis,0.2028017423725985,0.02641565149791668,0.18310619641035908,0.1469149216452546,0.0456679008503428
Suction,ST-37,F-23,ST-37B,1st,1,MH,multistage,template_axis,0.07825460048717216,0.020357922682571115,0.08505099959659819,0.16210640608109533,0.1775979029284731
Suction,ST-37,F-23,ST-37B,2nd,2,MH,multistage,template_axis,0.15157706652634692,0.03712365501510407,0.13338575424937035,0.06903370065232022,0.2108807308278359
Suction,ST-38,F-24,ST-38A,1st,1,MH,multistage,template_axis,0.08684153106837847,0.04201457924897024,0.0910936040254715,0.08086785102022556,0.12097787682158315
Suction,ST-38,F-24,ST-38A,2nd,2,MH,multistage,template_axis,0.16827412959457694,0.11641745604099468,0.10937650489487588,0.2575830552863229,0.22933277855702003
Suction,ST-38,F-25,ST-38B,1st,1,MH,multistage,template_axis,0.19437264027746923,0.3180920636097815,0.0955893102791731,0.11616635294859355,0.036287717561829004
Suction,ST-38,F-25,ST-38B,2nd,2,MH,multistage,template_axis,0.08900309060953361,0.05316671863102588,0.05654711741880466,0.05278684474879591,0.11945345693070378
Suction,ST-39,F-26,ST-39A,1st,1,MH,multistage,template_axis,0.03961596679582238,0.04040863008733753,0.06901235746456191,0.12731268222781414,0.06349364297780764
Suction,ST-39,F-26,ST-39A,2nd,2,MH,multistage,template_axis,0.22026146162402035,0.010095705414160206,0.22732300726994953,0.1833370434043879,0.060623195095848466
Suction,ST-39,F-27,ST-39B,1st,1,MH,multistage,template_axis,0.05183731031071136,0.14663496639251908,0.15987223755170896,0.2687269300877958,0.09242934098120058
Suction,ST-39,F-27,ST-39B,2nd,2,MH,multistage,template_axis,0.04236610346435393,0.013351518916527331,0.037796942657649525,0.047073041992467514,0.0802961756376045
Suction,ST-40,F-4,ST-40,single,1,MH,single_stage,high_tick_calibrated,0.07243771605814625,0.0038524523129391712,0.07226477930475782,0.07319849448672006,0.1470317846565697
Suction,ST-42,F-5,ST-42,single,1,MH,single_stage,template_axis,0.24372797136205868,0.07106316358217407,0.16739587921196905,0.18055181861595346,0.04763907172893841
Suction,ST-43,F-6,ST-43,single,1,MH,single_stage,high_tick_calibrated,0.2641038677140014,0.241969096068009,0.04222170671463495,0.0433020300776378,0.03077234593034353
Suction,ST-47,F-8,ST-47,single,1,MH,single_stage,high_tick_calibrated,0.1432943855184496,0.011152583743538417,0.15383913923512518,0.1721237308167359,0.04518789368954398
Suction,ST-49,F-28,ST-49A,1st,1,MH,multistage,template_axis,0.06361290867059421,0.006529046676547758,0.0677164949646237,0.1674402153679892,0.10750035945052061
Suction,ST-49,F-28,ST-49A,2nd,2,MH,multistage,template_axis,0.0904552889746949,0.030797751113055542,0.06628236159077922,0.10649058243725693,0.0642301017910514
Suction,ST-49,F-29,ST-49B,1st,1,MH,multistage,template_axis,0.12310336658851705,0.20291321062793838,0.07624584413759569,0.23401514536963008,0.1350861222578548
Suction,ST-49,F-29,ST-49B,2nd,2,MH,multistage,template_axis,0.052405226803234485,0.03298200884549873,0.07900021449853968,0.14609988128995918,0.07058232088444895
Suction,ST-49,F-29,ST-49B,3rd,3,MH,multistage,template_axis,0.0806027972702523,0.0038272070629531106,0.08188845168142489,0.04331957503245844,0.08199519154520349
Suction,ST-50,F-10,ST-50,single,1,MH,single_stage,high_tick_calibrated,0.03307929960483098,0.05109858201408212,0.04763670363851319,0.12735756684955446,0.18473350533520688
Suction,ST-51,F-30,ST-51,1st,1,MH,multistage,template_axis,0.218041544631809,0.08825034486612295,0.26559655728700926,0.16160610995915603,0.11996289329277328
Suction,ST-51,F-30,ST-51,2nd,2,MH,multistage,template_axis,0.10012448076197256,0.017634459637346667,0.10180603413834523,0.05757722646385063,0.15511097822269518
Suction,ST-52,F-31,ST-52,1st,1,MH,multistage,template_axis,0.0791867782658175,0.050838494600915975,0.05314125289852385,0.1424200966912569,0.12077691717406801
Suction,ST-52,F-31,ST-52,2nd,2,MH,multistage,template_axis,0.29227992076563,0.13393354990847883,0.19252820982269944,0.20212976189091125,0.026302708969934727
Suction,ST-53,F-11,ST-53,single,1,MH,single_stage,high_tick_calibrated,0.32102323024659246,0.13249331352054516,0.17831174880869557,0.1808538435728519,0.026960441094650216
Suction,ST-54,F-12,ST-54,single,1,MH,single_stage,high_tick_calibrated,0.2564899935256176,0.05148166476241318,0.20460992886002544,0.19805600876945517,0.02770934425349925
Suction,ST-57,F-32,ST-57,1st,1,ML,multistage,template_axis,0.11173579730203019,0.10783295229575879,0.05464699565295362,0.11566680934748852,0.10495814368641532
Suction,ST-57,F-32,ST-57,2nd,2,ML,multistage,template_axis,0.16420949235821186,0.08263692373181207,0.2202786954456118,0.31891499945576457,0.09483514301426577
Suction,ST-57,F-32,ST-57,3rd,3,ML,multistage,template_axis,0.13768919299586263,0.09977669851228595,0.20338947366161358,0.38273973595115574,0.16405840616256848
Suction,ST-59,F-13,ST-59B,single,1,SC,single_stage,high_tick_calibrated,0.05316994582098857,0.03176248322800956,0.07731322235914338,0.14901037325324276,0.07379305385956828
Suction,ST-59,F-33,ST-59A,1st,1,SC,multistage,template_axis,0.08822329463183533,0.09038666658996362,0.15431509493018783,0.3528283205048816,0.16503588773756717
Suction,ST-59,F-33,ST-59A,2nd,2,SC,multistage,template_axis,0.2813838670410527,0.09448653470164617,0.21262750186182108,0.22931392707281484,0.04758280142433127
Suction,ST-60,F-14,ST-60,single,1,SC,single_stage,high_tick_calibrated,0.09783177452234593,0.020402035550269707,0.11359965014698692,0.1528632740642362,0.08960576027412544
Suction,ST-62,F-35,ST-62,1st,1,ML,multistage,template_axis,0.06358139291324764,0.06111891787264331,0.035809632526851425,0.035981967775617144,0.0372316312296239
Suction,ST-62,F-35,ST-62,2nd,2,ML,multistage,template_axis,0.13297140515127354,0.04482161126287968,0.09633166651067224,0.10031089935014856,0.05607265719274576
Suction,ST-64,F-36,ST-64,1st,1,ML,multistage,template_axis,0.036346701449950544,0.028540415240365127,0.0551009105727724,0.06702972387455673,0.03538160159395222
Suction,ST-64,F-36,ST-64,2nd,2,ML,multistage,template_axis,0.2306378657023014,0.051883026055732,0.2634558201856488,0.32851415088985636,0.08033761160088349
Suction,ST-65,F-17,ST-65A,single,1,ML,single_stage,template_axis,0.1765275965486663,0.23460505900323225,0.23100950256211467,0.1598100598971797,0.11296841748548266
Suction,ST-65,F-18,ST-65B,single,1,ML,single_stage,high_tick_calibrated,0.1664966018352932,0.2260646684033937,0.1543922791943112,0.11126469606294186,0.06542729334383625
Suction,ST-74,F-40,ST-74,1st,1,ML,multistage,template_axis,0.1181612881243935,0.10009877688865058,0.19930765870535405,0.14842245184182865,0.08495731821198643
Suction,ST-74,F-40,ST-74,2nd,2,ML,multistage,template_axis,0.19061931654450323,0.16477379750177623,0.061747133432585664,0.06155159763951997,0.0616921473276325
Suction,ST-75,F-19,ST-75,single,1,ML,single_stage,high_tick_calibrated,0.1579053300133712,0.10943194850578983,0.23132320205876886,0.23024944683067036,0.03638466956942693
Suction,ST-77,F-20,ST-77,single,1,ML,single_stage,high_tick_calibrated,0.17971787427008434,0.18445251697390946,0.05583866414468154,0.09576675210982458,0.15831977055167773
Suction,ST-79,F-44,ST-79A,1st,1,ML,multistage,template_axis,0.11663111655811877,0.10379866676268801,0.18621588780694312,0.10118332590527132,0.11469860726737084
Suction,ST-79,F-44,ST-79A,2nd,2,ML,multistage,template_axis,0.28741372206870747,0.2645019771863531,0.06330367249970573,0.07433377225018353,0.06325407377016451
Suction,ST-79,F-44,ST-79A,3rd,3,ML,multistage,template_axis,0.2271459375298601,0.23585492399608105,0.1020248558064715,0.08055528907124869,0.13013195868974503
Suction,ST-79,F-45,ST-79B,1st,1,ML,multistage,template_axis,0.3033927117221439,0.3081534268489637,0.03341684268137983,0.06852923240378904,0.06261773624448183
Suction,ST-79,F-45,ST-79B,2nd,2,ML,multistage,template_axis,0.0939528632946394,0.19259410855782053,0.20736482852034338,0.09116675878246884,0.12631340311919484
Suction,ST-79,F-45,ST-79B,3rd,3,ML,multistage,template_axis,0.04086437353383357,0.010824682482816879,0.04185459932643286,0.08102513722893145,0.09549835086901028
Suction,ST-80,F-46,ST-80A,1st,1,ML,multistage,template_axis,0.14267510412681833,0.0592202546081577,0.08717009685654045,0.010415693331207041,0.08648213640827217
Suction,ST-80,F-46,ST-80A,2nd,2,ML,multistage,template_axis,0.1276530602447311,0.016586810489561742,0.14088847090329415,0.16297479673480617,0.0456527282098165
Suction,ST-80,F-46,ST-80A,3rd,3,ML,multistage,template_axis,0.10285682016307715,0.013918858477434208,0.11402429546208563,0.14061617632779855,0.05664479555058769
Suction,ST-80,F-47,ST-80B,1st,1,ML,multistage,template_axis,0.06700305596726669,0.06420847825796991,0.1223814520319468,0.08705822679497345,0.056137738039065695
Suction,ST-80,F-47,ST-80B,2nd,2,ML,multistage,template_axis,0.2049421828987326,0.10654903502311892,0.2676267670816495,0.346777590821865,0.07202086271861988
Suction,ST-80,F-47,ST-80B,3rd,3,ML,multistage,template_axis,0.12029853005377954,0.03393894752847018,0.1473335618255115,0.12560391850993927,0.05799038185290913
Suction,ST-80,F-47,ST-80B,4th,4,ML,multistage,template_axis,0.14437446945367916,0.17303025377521297,0.2531096265398283,0.36125977170718426,0.09596671496214693
Suction,ST-81,F-37,ST-81,1st,1,ML,multistage,template_axis,0.4260268872806645,0.25210147332218485,0.16517651266037317,0.12980426668916717,0.06459475604123294
Suction,ST-81,F-37,ST-81,2nd,2,ML,multistage,template_axis,0.3073745548367428,0.2546671879465608,0.08230129337687844,0.06044232858378851,0.06086028604489693
Suction,ST-81,F-37,ST-81,3rd,3,ML,multistage,template_axis,0.3728989121324026,0.21200692976451987,0.15789343862893837,0.10898685008554888,0.07322609437618662
Suction,ST-81,F-37,ST-81,4th,4,ML,multistage,template_axis,0.27824984614731846,0.22139501550186905,0.06878360237661399,0.06425098266382594,0.04079394250337386
Suction,ST-83,F-39,ST-83,1st,1,ML,multistage,template_axis,0.2983708715594276,0.27113350588902385,0.09956617057024293,0.09009788984348331,0.12693953326006033
Suction,ST-83,F-39,ST-83,2nd,2,ML,multistage,template_axis,0.23063137655887495,0.21189808211671982,0.029778920146852836,0.11532287626621082,0.1417001555228044
Suction,ST-83,F-39,ST-83,3rd,3,ML,multistage,template_axis,0.24834073045344685,0.12971610978939058,0.11810877640659212,0.10219407018238838,0.03871140981432955
Suction,ST-85,F-21,ST-85,single,1,ML,single_stage,high_tick_calibrated,0.11023074419713016,0.056494371765057394,0.15469618149451173,0.13355106987891183,0.04461851665573303
Suction,ST-87,F-41,ST-87,1st,1,ML,multistage,template_axis,0.20034467097285463,0.035356144084200715,0.16264357643029903,0.12132817514901073,0.06858170483576184
Suction,ST-87,F-41,ST-87,2nd,2,ML,multistage,template_axis,0.11588828575673682,0.029252344640494702,0.0913373939784718,0.08723326482937738,0.04589912801123747
Suction,ST-87,F-41,ST-87,3rd,3,ML,multistage,template_axis,0.13180106475344955,0.08056701949584748,0.06570998558031345,0.05047926407527105,0.06966351886602082
Suction,ST-91,F-3,ST-91,single,1,MH,single_stage,template_axis,0.17567196638469196,0.09705999048516009,0.07668835796292536,0.07767437955413037,0.029382406683797296
Suction,ST-94,F-7,ST-94,single,1,MH,single_stage,high_tick_calibrated,0.2266571849844922,0.22104215777550396,0.02153936097988045,0.03401323496608138,0.0503951661840388
State,ST-114,F-15,ST-114B,single,1,SC,single_stage,high_tick_calibrated,0.13517413311180498,0.1583504769698277,0.04033892166822292,0.0880016083195275,0.0847868326288365
State,ST-116,F-16,ST-116E,single,1,SC,single_stage,high_tick_calibrated,0.0377301203301291,0.06682025067147834,0.08291484541135848,0.10588683977503802,0.05116278202622779
State,ST-124,F-9,ST-124,single,1,MH,single_stage,high_tick_calibrated,0.1950208559426364,0.08681132084952974,0.10765800359356517,0.13678330100448233,0.08550401519642438
State,ST-30,F-38,ST-30,1st,1,ML,multistage,template_axis,0.06391162214440554,0.17352487324202845,0.17363923751644164,0.2208023372922104,0.05412154381665645
State,ST-30,F-38,ST-30,2nd,2,ML,multistage,template_axis,0.2251016980914838,0.0183628653282859,0.212483083489092,0.18141282870418174,0.037010932226190243
State,ST-30,F-38,ST-30,3rd,3,ML,multistage,template_axis,0.13845829128061016,0.10682730642666505,0.06388138999294017,0.05695775843931476,0.12638472980211457
State,ST-34,F-42,ST-34A,1st,1,ML,multistage,template_axis,0.07787781480355771,0.06483691196782891,0.10972146704082741,0.032713608053606104,0.09231024017294016
State,ST-34,F-42,ST-34A,2nd,2,ML,multistage,template_axis,0.21897015333703748,0.1367314796863053,0.10328229759442907,0.11818317461715291,0.04496153406470927
State,ST-34,F-42,ST-34A,3rd,3,ML,multistage,template_axis,0.20336135142735642,0.1255875294668209,0.09695793621356598,0.13686975228911563,0.05575756463334603
State,ST-34,F-43,ST-34B,1st,1,ML,multistage,template_axis,0.11475244176495146,0.05648220001167717,0.09055906280134703,0.057747393219386565,0.09109394070495244
State,ST-34,F-43,ST-34B,2nd,2,ML,multistage,template_axis,0.1578599242463729,0.10111077889569053,0.08137950583631529,0.06619651729122357,0.15677890520632495
State,ST-34,F-43,ST-34B,3rd,3,ML,multistage,template_axis,0.1575477329610831,0.11030091151393058,0.07288307699272241,0.07526389280539857,0.12429879933966638
State,ST-36,F-2,ST-36,single,1,MH,single_stage,template_axis,0.07506542401855919,0.0026104760127504535,0.07310067383392335,0.07459198560621591,0.027901585320877467
State,ST-37,F-22,ST-37A,1st,1,MH,multistage,template_axis,0.21727530856824612,0.10578572410685563,0.14176921535477516,0.06236299147357646,0.10158114471033791
State,ST-37,F-22,ST-37A,2nd,2,MH,multistage,template_axis,0.15859549727981198,0.014950862392139419,0.14681544337963562,0.12357273980059753,0.039643528890254034
State,ST-37,F-23,ST-37B,1st,1,MH,multistage,template_axis,0.07956115294763393,0.03691847041163972,0.08772134363671773,0.17650653388821308,0.18748512736540826
State,ST-37,F-23,ST-37B,2nd,2,MH,multistage,template_axis,0.14403650099712442,0.016000637913163893,0.13659504465276806,0.06439156362378753,0.20159397095033754
State,ST-38,F-24,ST-38A,1st,1,MH,multistage,template_axis,0.09784722325391887,0.08157355469403337,0.09687698734808611,0.06263925388890675,0.11707985132711521
State,ST-38,F-24,ST-38A,2nd,2,MH,multistage,template_axis,0.16226914826867153,0.18865881985865968,0.09931091398842855,0.28206311780454174,0.2059567278690993
State,ST-38,F-25,ST-38B,1st,1,MH,multistage,template_axis,0.11332088665780343,0.2696084295862704,0.12550147818982182,0.15446598138508588,0.03932276814452526
State,ST-38,F-25,ST-38B,2nd,2,MH,multistage,template_axis,0.1271859907218272,0.08368688673673959,0.0696771135827544,0.046838627558997314,0.12658239615987402
State,ST-39,F-26,ST-39A,1st,1,MH,multistage,template_axis,0.10751212096363703,0.04803515990744458,0.0666003744176016,0.1280435541468684,0.06654376856840288
State,ST-39,F-26,ST-39A,2nd,2,MH,multistage,template_axis,0.2713207735435202,0.05922574354327458,0.22969361501809765,0.1834988858030999,0.06177796630563145
State,ST-39,F-27,ST-39B,1st,1,MH,multistage,template_axis,0.12185140316005191,0.03869152763029385,0.15163907168873983,0.26565538862081844,0.09674319703712535
State,ST-39,F-27,ST-39B,2nd,2,MH,multistage,template_axis,0.07600889599948171,0.04893755666428502,0.04583801354995153,0.04417057500471852,0.08689610277593682
State,ST-40,F-4,ST-40,single,1,MH,single_stage,high_tick_calibrated,0.08171594588056985,0.06645558662889146,0.06255932478992206,0.08056100327876996,0.13900857353254198
State,ST-42,F-5,ST-42,single,1,MH,single_stage,template_axis,0.30345031270091943,0.13130967886823416,0.1595547601457254,0.17495234913971883,0.05141521645853334
State,ST-43,F-6,ST-43,single,1,MH,single_stage,high_tick_calibrated,0.1212786343214196,0.1289859744661855,0.032457501849526484,0.04004390758433462,0.03417976037942408
State,ST-47,F-8,ST-47,single,1,MH,single_stage,high_tick_calibrated,0.0829467996165089,0.09937174805029328,0.14969440765459324,0.16839058748532,0.04527430157154366
State,ST-49,F-28,ST-49A,1st,1,MH,multistage,template_axis,0.08697304445336444,0.025350656359971368,0.06822034930436224,0.16259365514320678,0.10169968997691897
State,ST-49,F-28,ST-49A,2nd,2,MH,multistage,template_axis,0.08726849323503727,0.011581474057018799,0.09688874231732789,0.13148278418374088,0.05109363490125044
State,ST-49,F-29,ST-49B,1st,1,MH,multistage,template_axis,0.07377284123460673,0.19709450199727221,0.10769839279325025,0.27088424132398126,0.13374121881924353
State,ST-49,F-29,ST-49B,2nd,2,MH,multistage,template_axis,0.07120448142164765,0.04442607344146445,0.1084337113346045,0.1700039377535105,0.060034201811439744
State,ST-49,F-29,ST-49B,3rd,3,MH,multistage,template_axis,0.07052979281414241,0.05519467872992618,0.05716328553491066,0.0603311493106616,0.0645649785122315
State,ST-50,F-10,ST-50,single,1,MH,single_stage,high_tick_calibrated,0.0870317479990722,0.11474970136408949,0.047418577261200995,0.1269809750170843,0.1837798492599533
State,ST-51,F-30,ST-51,1st,1,MH,multistage,template_axis,0.27283378397736946,0.0017258312601717042,0.2718436822878114,0.17138669618543464,0.1167075958543563
State,ST-51,F-30,ST-51,2nd,2,MH,multistage,template_axis,0.12360282274716605,0.0036347733807479644,0.12466932645715452,0.046311027928926274,0.16224137867906502
State,ST-52,F-31,ST-52,1st,1,MH,multistage,template_axis,0.10442791981730996,0.05684711135459539,0.061415362382269544,0.17760497411057538,0.11955039971344486
State,ST-52,F-31,ST-52,2nd,2,MH,multistage,template_axis,0.315158458440446,0.10890451290588622,0.2410399476291041,0.24010615940619248,0.02529231779368779
State,ST-53,F-11,ST-53,single,1,MH,single_stage,high_tick_calibrated,0.25987259681353564,0.09063521650526396,0.16426275098938672,0.16572778449784795,0.026353436156938324
State,ST-54,F-12,ST-54,single,1,MH,single_stage,high_tick_calibrated,0.2992735645601151,0.09219941788722107,0.20361811541779462,0.1992501350256734,0.02581106631817474
State,ST-57,F-32,ST-57,1st,1,ML,multistage,template_axis,0.11285622560406161,0.11966977836789193,0.05199460640892701,0.1133520971922091,0.09648184822272292
State,ST-57,F-32,ST-57,2nd,2,ML,multistage,template_axis,0.15223890454408984,0.10036854145095508,0.2202945804991309,0.31113125843584744,0.08916587505019426
State,ST-57,F-32,ST-57,3rd,3,ML,multistage,template_axis,0.11593350647791166,0.11612660532083537,0.1933667972204794,0.3693064277086855,0.1598724829677446
State,ST-59,F-13,ST-59B,single,1,SC,single_stage,high_tick_calibrated,0.045152430056654334,0.11980663876333171,0.08060353692343317,0.11768365817030312,0.047257096317420526
State,ST-59,F-33,ST-59A,1st,1,SC,multistage,template_axis,0.03420184655912875,0.15772610122526573,0.1417225064067894,0.3086883943767867,0.1399148615950524
State,ST-59,F-33,ST-59A,2nd,2,SC,multistage,template_axis,0.17456254040962974,0.13045209787736242,0.2587367223446036,0.21355568736053507,0.056550401075620774
State,ST-60,F-14,ST-60,single,1,SC,single_stage,high_tick_calibrated,0.18941778512478352,0.06924791000471327,0.12522244323721476,0.16846947832650824,0.10921720995062165
State,ST-62,F-35,ST-62,1st,1,ML,multistage,template_axis,0.2473064177634984,0.24745195128328443,0.03492026062920278,0.036810456912289055,0.03829846666501164
State,ST-62,F-35,ST-62,2nd,2,ML,multistage,template_axis,0.06779804868966836,0.17511487824425895,0.1082078818609744,0.1023455319906594,0.05598133929205532
State,ST-64,F-36,ST-64,1st,1,ML,multistage,template_axis,0.06457767528077883,0.09440556133710107,0.046795165291155225,0.059064666769048986,0.03681654286578433
State,ST-64,F-36,ST-64,2nd,2,ML,multistage,template_axis,0.16641839080346588,0.1434033453843247,0.25761815924068776,0.3185026249723139,0.077980197840968
State,ST-65,F-17,ST-65A,single,1,ML,single_stage,template_axis,0.12914818459635813,0.17044427120404643,0.19891912146702617,0.13304201781094163,0.09702720676329142
State,ST-65,F-18,ST-65B,single,1,ML,single_stage,high_tick_calibrated,0.10357713197426946,0.1530811033450005,0.12208390075303324,0.08952218381735078,0.04991529415158763
State,ST-74,F-40,ST-74,1st,1,ML,multistage,template_axis,0.2178972855294713,0.025739080561556056,0.24436411444782333,0.2045346050752146,0.08255091886490168
State,ST-74,F-40,ST-74,2nd,2,ML,multistage,template_axis,0.07197899576908985,0.04816620194198412,0.05990260943696338,0.06221269525147856,0.06168878942898552
State,ST-75,F-19,ST-75,single,1,ML,single_stage,high_tick_calibrated,0.18296900305458647,0.053865028547904925,0.22688902540330233,0.22413700426691838,0.03676244022659042
State,ST-77,F-20,ST-77,single,1,ML,single_stage,high_tick_calibrated,0.10972292786060611,0.09448954600518264,0.06168332524638377,0.08603958874111069,0.1617226806133298
State,ST-79,F-44,ST-79A,1st,1,ML,multistage,template_axis,0.14870280088247745,0.06602937458998108,0.20475331022087537,0.12113820077413262,0.11929902640748434
State,ST-79,F-44,ST-79A,2nd,2,ML,multistage,template_axis,0.2188906445234924,0.19588809384889913,0.06039416181865989,0.06578936587374301,0.060463095914825966
State,ST-79,F-44,ST-79A,3rd,3,ML,multistage,template_axis,0.1539860599829385,0.15752210187661966,0.09848935870737426,0.0702518408555835,0.12086649363790902
State,ST-79,F-45,ST-79B,1st,1,ML,multistage,template_axis,0.28548962487143625,0.2883358205449281,0.034795967936424546,0.08296815440024113,0.07585564570351477
State,ST-79,F-45,ST-79B,2nd,2,ML,multistage,template_axis,0.08902329296215276,0.19739280576973778,0.20746204241344385,0.10004574099104918,0.1152103676677324
State,ST-79,F-45,ST-79B,3rd,3,ML,multistage,template_axis,0.04517999686558057,0.0204125692569838,0.040622349318606,0.08549826441494461,0.09104324221317578
State,ST-80,F-46,ST-80A,1st,1,ML,multistage,template_axis,0.13831803653524685,0.055653759985346725,0.08734643416464406,0.013543218217688772,0.0922804516935586
State,ST-80,F-46,ST-80A,2nd,2,ML,multistage,template_axis,0.11316189219586413,0.00906294519558016,0.10562515367818641,0.1265774389984348,0.046346956680124146
State,ST-80,F-46,ST-80A,3rd,3,ML,multistage,template_axis,0.08659506263513209,0.006171382711172899,0.0817757966409442,0.09928292241835482,0.055253655993040954
State,ST-80,F-47,ST-80B,1st,1,ML,multistage,template_axis,0.11991508033467962,0.021052802069083384,0.1409908849829168,0.09966629346748265,0.06485485797824318
State,ST-80,F-47,ST-80B,2nd,2,ML,multistage,template_axis,0.18705754073044598,0.09843425341292286,0.24790631225651574,0.3416276395698166,0.08224402896027692
State,ST-80,F-47,ST-80B,3rd,3,ML,multistage,template_axis,0.09195341411399248,0.03489130030961832,0.12061603341904475,0.10378763537446305,0.056929772583505824
State,ST-80,F-47,ST-80B,4th,4,ML,multistage,template_axis,0.14355640831585034,0.12952688447410707,0.22923182629273725,0.3420915361159835,0.09920545613132359
State,ST-81,F-37,ST-81,1st,1,ML,multistage,template_axis,0.2514628199794828,0.0490729946571334,0.20592820236577966,0.14549683319707846,0.1011079910493272
State,ST-81,F-37,ST-81,2nd,2,ML,multistage,template_axis,0.16789855846219182,0.0668930802693129,0.11896042326493068,0.06622651440140077,0.08244745662998433
State,ST-81,F-37,ST-81,3rd,3,ML,multistage,template_axis,0.2209064199231257,0.027221890974149152,0.1967289714501179,0.12062912613805196,0.1096743717718102
State,ST-81,F-37,ST-81,4th,4,ML,multistage,template_axis,0.12325485472009617,0.009965607413792208,0.11604272872278062,0.07470462578303737,0.06378124243866647
State,ST-83,F-39,ST-83,1st,1,ML,multistage,template_axis,0.2210948659678771,0.15646191527323786,0.09602544414574075,0.10465228106727059,0.11643569924608607
State,ST-83,F-39,ST-83,2nd,2,ML,multistage,template_axis,0.16485442846126358,0.12725589060257608,0.04979110281318258,0.12785528288026102,0.13339948726358541
State,ST-83,F-39,ST-83,3rd,3,ML,multistage,template_axis,0.21776863453788461,0.08324476581097151,0.13605931877475858,0.11818803277853933,0.04091196503731028
State,ST-85,F-21,ST-85,single,1,ML,single_stage,high_tick_calibrated,0.09391934980329172,0.0840669896729323,0.14853108663218367,0.1170281937298955,0.05447628034403867
State,ST-87,F-41,ST-87,1st,1,ML,multistage,template_axis,0.16294686483329704,0.014173341368355463,0.1483883576092791,0.09401575516493967,0.08035959563019388
State,ST-87,F-41,ST-87,2nd,2,ML,multistage,template_axis,0.15489792957434162,0.09274801664369416,0.07518994443396357,0.08059834492796003,0.04593966352759448
State,ST-87,F-41,ST-87,3rd,3,ML,multistage,template_axis,0.16204415323437316,0.12666910213963894,0.05519347750724409,0.04942887360981403,0.06405258181588201
State,ST-91,F-3,ST-91,single,1,MH,single_stage,template_axis,0.20893961748538514,0.13513162700921816,0.07025449084693862,0.07376320293375574,0.030153800503326403
State,ST-94,F-7,ST-94,single,1,MH,single_stage,high_tick_calibrated,0.20505522344102745,0.18884281865157326,0.032615468472980455,0.027613327148440187,0.05609435095335281
StateInteraction,ST-114,F-15,ST-114B,single,1,SC,single_stage,high_tick_calibrated,0.13087616775131627,0.14286908167340714,0.03138090820172305,0.0741116089276033,0.08539175335953164
StateInteraction,ST-116,F-16,ST-116E,single,1,SC,single_stage,high_tick_calibrated,0.0579354167867098,0.10183465632474192,0.07338293046554714,0.09850370216610907,0.0560977095019672
StateInteraction,ST-124,F-9,ST-124,single,1,MH,single_stage,high_tick_calibrated,0.15319853601659536,0.03856257572965642,0.11544978195544732,0.14319002061829683,0.08254296692793309
StateInteraction,ST-30,F-38,ST-30,1st,1,ML,multistage,template_axis,0.05783153247656239,0.22799145456674044,0.17013460417099452,0.2089383018429878,0.05075428506613325
StateInteraction,ST-30,F-38,ST-30,2nd,2,ML,multistage,template_axis,0.15463901637965713,0.04222595304371266,0.18419607745842703,0.15276759558743697,0.037726626075389263
StateInteraction,ST-30,F-38,ST-30,3rd,3,ML,multistage,template_axis,0.09632875856847836,0.08406920188222762,0.047957162432705785,0.07567912239531868,0.12690951716066995
StateInteraction,ST-34,F-42,ST-34A,1st,1,ML,multistage,template_axis,0.07404628610207513,0.07941101253829873,0.09251308758684158,0.02822393646930436,0.08344410370302437
StateInteraction,ST-34,F-42,ST-34A,2nd,2,ML,multistage,template_axis,0.21950507078199724,0.134871997288286,0.10570886706206559,0.11695971335684839,0.0439438286650234
StateInteraction,ST-34,F-42,ST-34A,3rd,3,ML,multistage,template_axis,0.17567713870722287,0.1061730844764024,0.08543801137145429,0.12359646632673035,0.056724112918972495
StateInteraction,ST-34,F-43,ST-34B,1st,1,ML,multistage,template_axis,0.13411967050903006,0.06641289729371615,0.10080609992792043,0.05668383178115077,0.09866605622887506
StateInteraction,ST-34,F-43,ST-34B,2nd,2,ML,multistage,template_axis,0.17807505492556455,0.11225152991495,0.09441790378943955,0.06365408036983325,0.16648134193388087
StateInteraction,ST-34,F-43,ST-34B,3rd,3,ML,multistage,template_axis,0.15288307377229565,0.10437065616987089,0.0738260675986591,0.07648510868260873,0.1287440531156607
StateInteraction,ST-36,F-2,ST-36,single,1,MH,single_stage,template_axis,0.0612445196764245,0.03539012576984059,0.0810312491234748,0.0746163037953127,0.02911989355022085
StateInteraction,ST-37,F-22,ST-37A,1st,1,MH,multistage,template_axis,0.20025464018470823,0.08011816715617576,0.14439306083966813,0.06348623866901253,0.10216419425000456
StateInteraction,ST-37,F-22,ST-37A,2nd,2,MH,multistage,template_axis,0.20255465295668784,0.04639965941202556,0.16682525728238684,0.1439958278388011,0.038961156761724444
StateInteraction,ST-37,F-23,ST-37B,1st,1,MH,multistage,template_axis,0.093446579816405,0.008836177513860975,0.09811501748098654,0.1613478602073555,0.19016836638127713
StateInteraction,ST-37,F-23,ST-37B,2nd,2,MH,multistage,template_axis,0.13544304751046476,0.011219517447952616,0.13036476984846201,0.06538541017756491,0.19702417681766884
StateInteraction,ST-38,F-24,ST-38A,1st,1,MH,multistage,template_axis,0.09005744077340741,0.049419016442610424,0.10320178618645129,0.053524371629669415,0.11783536438249627
StateInteraction,ST-38,F-24,ST-38A,2nd,2,MH,multistage,template_axis,0.15812041767370905,0.1647578763170445,0.09964204301827584,0.28174758208933826,0.21419316622567963
StateInteraction,ST-38,F-25,ST-38B,1st,1,MH,multistage,template_axis,0.11880245927056823,0.30731124248144,0.1450152222347454,0.1688040324223402,0.03667054286076806
StateInteraction,ST-38,F-25,ST-38B,2nd,2,MH,multistage,template_axis,0.0894262763479919,0.04989744170618048,0.05965862601022309,0.052640746070362454,0.12313426842849116
StateInteraction,ST-39,F-26,ST-39A,1st,1,MH,multistage,template_axis,0.053853504145653146,0.009686882780056909,0.061328020056963264,0.11942168558516505,0.06536314782811752
StateInteraction,ST-39,F-26,ST-39A,2nd,2,MH,multistage,template_axis,0.23397489265127203,0.015535473843907842,0.2229951128634243,0.177943645376531,0.06140072146593529
StateInteraction,ST-39,F-27,ST-39B,1st,1,MH,multistage,template_axis,0.0772881258124874,0.09057878787109072,0.14647961411924587,0.25801224349396634,0.0954178085513837
StateInteraction,ST-39,F-27,ST-39B,2nd,2,MH,multistage,template_axis,0.06541407833041181,0.040535184068595714,0.04231692764516179,0.045569465539896235,0.08434734250753753
StateInteraction,ST-40,F-4,ST-40,single,1,MH,single_stage,high_tick_calibrated,0.06291660602240849,0.020144964586101516,0.06381181291497719,0.08152465405291273,0.14241652157014953
StateInteraction,ST-42,F-5,ST-42,single,1,MH,single_stage,template_axis,0.2452611571279736,0.08896402076351581,0.14938260269456385,0.16635185933615185,0.05347849906630657
StateInteraction,ST-43,F-6,ST-43,single,1,MH,single_stage,high_tick_calibrated,0.21391626772035743,0.19217591027694486,0.039880407561535464,0.03251673055639846,0.03584763094757619
StateInteraction,ST-47,F-8,ST-47,single,1,MH,single_stage,high_tick_calibrated,0.08760309054870191,0.1066122659713085,0.15639580055328683,0.17335725703818824,0.04247858335554576
StateInteraction,ST-49,F-28,ST-49A,1st,1,MH,multistage,template_axis,0.055906999800240526,0.013640511195861592,0.06317612687576447,0.1525995298746111,0.10315432320741258
StateInteraction,ST-49,F-28,ST-49A,2nd,2,MH,multistage,template_axis,0.06842306367903449,0.02044520182205662,0.08491354530401268,0.1242265045033772,0.056057504736769105
StateInteraction,ST-49,F-29,ST-49B,1st,1,MH,multistage,template_axis,0.09167888119478024,0.23482814086797654,0.11556262882261845,0.27615500968137796,0.13125457123013476
StateInteraction,ST-49,F-29,ST-49B,2nd,2,MH,multistage,template_axis,0.026206160979926892,0.08654982620705605,0.09129383699323967,0.15520224916519929,0.06470607007994032
StateInteraction,ST-49,F-29,ST-49B,3rd,3,MH,multistage,template_axis,0.06817621633123051,0.03723937060230853,0.06083408758169909,0.06086591499441343,0.07067194193484967
StateInteraction,ST-50,F-10,ST-50,single,1,MH,single_stage,high_tick_calibrated,0.04982781152030677,0.07617241359074534,0.0512451866045038,0.1302381428734469,0.18333232579547323
StateInteraction,ST-51,F-30,ST-51,1st,1,MH,multistage,template_axis,0.24253005423984658,0.04336626854120341,0.2668117817683476,0.16606010893581605,0.11747451155592353
StateInteraction,ST-51,F-30,ST-51,2nd,2,MH,multistage,template_axis,0.10811259205946497,0.04134700309302557,0.11055528803482391,0.05329279712706222,0.15841936848306273
StateInteraction,ST-52,F-31,ST-52,1st,1,MH,multistage,template_axis,0.10748147444056533,0.05475951990226712,0.06490013214427594,0.18358037047707015,0.11833799278533821
StateInteraction,ST-52,F-31,ST-52,2nd,2,MH,multistage,template_axis,0.2884444333680219,0.09319117219837524,0.2228439892242591,0.2269885220298521,0.025421386231784564
StateInteraction,ST-53,F-11,ST-53,single,1,MH,single_stage,high_tick_calibrated,0.2320172666202601,0.07144255324215565,0.1575122955320371,0.15998403374080877,0.02678680214489335
StateInteraction,ST-54,F-12,ST-54,single,1,MH,single_stage,high_tick_calibrated,0.2397322402207272,0.04564143125271935,0.1940637134483939,0.19051348684098682,0.025177420619514886
StateInteraction,ST-57,F-32,ST-57,1st,1,ML,multistage,template_axis,0.05148576687544173,0.06666883128505824,0.05758065427692248,0.13325544993722943,0.09225133604682817
StateInteraction,ST-57,F-32,ST-57,2nd,2,ML,multistage,template_axis,0.16711204190207088,0.06988623684673442,0.21504926752360132,0.30633672829963193,0.08965229121439114
StateInteraction,ST-57,F-32,ST-57,3rd,3,ML,multistage,template_axis,0.12311302640453943,0.08713177789977648,0.18243211872574594,0.36164352945239714,0.16211397200495795
StateInteraction,ST-59,F-13,ST-59B,single,1,SC,single_stage,high_tick_calibrated,0.03677177678487309,0.11288551732906928,0.08566364338097446,0.12208626303817957,0.04624283334390409
StateInteraction,ST-59,F-33,ST-59A,1st,1,SC,multistage,template_axis,0.03090881312653083,0.16749011166332034,0.14132677220061027,0.3026618658332018,0.13551689747408965
StateInteraction,ST-59,F-33,ST-59A,2nd,2,SC,multistage,template_axis,0.2992065005131502,0.02703325214771486,0.31529360024928427,0.2689422718077472,0.05609816480836774
StateInteraction,ST-60,F-14,ST-60,single,1,SC,single_stage,high_tick_calibrated,0.254468081106012,0.1274064313819841,0.13105896046552312,0.17336687934238007,0.11047722104202737
StateInteraction,ST-62,F-35,ST-62,1st,1,ML,multistage,template_axis,0.3038702172950193,0.2916532250128927,0.036415378202423576,0.03999294969280722,0.03815528665239867
StateInteraction,ST-62,F-35,ST-62,2nd,2,ML,multistage,template_axis,0.1334358723651097,0.22096602160428425,0.08565938849906242,0.08421510131418576,0.05566158111834384
StateInteraction,ST-64,F-36,ST-64,1st,1,ML,multistage,template_axis,0.07958410904647031,0.10846331673029568,0.044776242762095825,0.0557407235438909,0.03640077648327142
StateInteraction,ST-64,F-36,ST-64,2nd,2,ML,multistage,template_axis,0.14053143173249247,0.1566982270502147,0.24273364638240255,0.30714367407732907,0.08021801512758385
StateInteraction,ST-65,F-17,ST-65A,single,1,ML,single_stage,template_axis,0.13243963894026806,0.17852640095905323,0.19446179478810713,0.12643030489600102,0.09798931974919824
StateInteraction,ST-65,F-18,ST-65B,single,1,ML,single_stage,high_tick_calibrated,0.11396863549509748,0.16364254384833404,0.11661615922240706,0.08229379170815579,0.05106948228090866
StateInteraction,ST-74,F-40,ST-74,1st,1,ML,multistage,template_axis,0.25394561922928416,0.002748965768339598,0.2568687617932464,0.21881195341569126,0.0836758084668691
StateInteraction,ST-74,F-40,ST-74,2nd,2,ML,multistage,template_axis,0.06742025815022311,0.032631405056228115,0.07355418929241718,0.07282219035931493,0.061458976531034715
StateInteraction,ST-75,F-19,ST-75,single,1,ML,single_stage,high_tick_calibrated,0.1847492880120563,0.048411671108726566,0.2247126842133645,0.22251830936536562,0.03658538393732907
StateInteraction,ST-77,F-20,ST-77,single,1,ML,single_stage,high_tick_calibrated,0.07750118783234704,0.06823278885249041,0.05633688017288293,0.0942016457914273,0.15860815103109668
StateInteraction,ST-79,F-44,ST-79A,1st,1,ML,multistage,template_axis,0.14755412866306233,0.06606666467450219,0.20352544267283385,0.12109653762488846,0.1177546459414626
StateInteraction,ST-79,F-44,ST-79A,2nd,2,ML,multistage,template_axis,0.19154308731856418,0.17949647822099243,0.06106990560933554,0.054179344286774844,0.06182490184047494
StateInteraction,ST-79,F-44,ST-79A,3rd,3,ML,multistage,template_axis,0.12738530279248092,0.13642979485031756,0.11864330358262672,0.045900347443350725,0.12593767780947024
StateInteraction,ST-79,F-45,ST-79B,1st,1,ML,multistage,template_axis,0.22891765382866328,0.2604778487053269,0.041212526078012075,0.10177780943444177,0.07310964855920192
StateInteraction,ST-79,F-45,ST-79B,2nd,2,ML,multistage,template_axis,0.07975922198580003,0.20918018232239907,0.19942437996426085,0.09555314212423523,0.11399820073930225
StateInteraction,ST-79,F-45,ST-79B,3rd,3,ML,multistage,template_axis,0.06387128454265788,0.03836180200129897,0.0431581394851879,0.09184277323889033,0.08752381925719449
StateInteraction,ST-80,F-46,ST-80A,1st,1,ML,multistage,template_axis,0.0903163688356442,0.005375904411397156,0.0859400754030932,0.01415267388086732,0.09150077011293971
StateInteraction,ST-80,F-46,ST-80A,2nd,2,ML,multistage,template_axis,0.1520655106283952,0.05884329265161937,0.10248679821857433,0.1252557280044404,0.04741318331859084
StateInteraction,ST-80,F-46,ST-80A,3rd,3,ML,multistage,template_axis,0.15772476991353343,0.08423844701859168,0.08725362433034323,0.1085691409826676,0.05654783795871888
StateInteraction,ST-80,F-47,ST-80B,1st,1,ML,multistage,template_axis,0.08527232850627016,0.026512085047517307,0.11046326807909354,0.0701849208052059,0.06027115162355849
StateInteraction,ST-80,F-47,ST-80B,2nd,2,ML,multistage,template_axis,0.24596251890448964,0.050257381576557764,0.2750522160371026,0.3612622002624346,0.07794197098786566
StateInteraction,ST-80,F-47,ST-80B,3rd,3,ML,multistage,template_axis,0.11137340341612119,0.004656569647176633,0.11524945719329181,0.10018790201825495,0.05641060071567575
StateInteraction,ST-80,F-47,ST-80B,4th,4,ML,multistage,template_axis,0.17620378112722176,0.06567051272838229,0.22050110574408746,0.3357092367583408,0.10102235409983418
StateInteraction,ST-81,F-37,ST-81,1st,1,ML,multistage,template_axis,0.24275864549624554,0.06923852535889771,0.17780186324271466,0.132776656807687,0.07695045129727783
StateInteraction,ST-81,F-37,ST-81,2nd,2,ML,multistage,template_axis,0.10693436737523514,0.045493882785086405,0.08112762621850936,0.05411145150158095,0.06518779465603486
StateInteraction,ST-81,F-37,ST-81,3rd,3,ML,multistage,template_axis,0.15113088607706326,0.00736900926357878,0.15702276466744888,0.09718099492965453,0.08344099835647993
StateInteraction,ST-81,F-37,ST-81,4th,4,ML,multistage,template_axis,0.060289672584623415,0.04053417115042878,0.07233359805489982,0.05611536832215899,0.04450088641429009
StateInteraction,ST-83,F-39,ST-83,1st,1,ML,multistage,template_axis,0.26068688878821067,0.19795228355215566,0.09644036214756808,0.10477180324953825,0.11828200903400607
StateInteraction,ST-83,F-39,ST-83,2nd,2,ML,multistage,template_axis,0.14582536614007158,0.11492747610941126,0.04253666975051464,0.12312966699269087,0.1351087136634803
StateInteraction,ST-83,F-39,ST-83,3rd,3,ML,multistage,template_axis,0.15017741720617853,0.03414066806909483,0.11856970833933947,0.10062148047474159,0.040111539668449776
StateInteraction,ST-85,F-21,ST-85,single,1,ML,single_stage,high_tick_calibrated,0.09283631324040877,0.08446478978936035,0.1473360885474371,0.11721303000891067,0.05292669990918604
StateInteraction,ST-87,F-41,ST-87,1st,1,ML,multistage,template_axis,0.13243067808089992,0.007159109686360319,0.1395230595656975,0.08578948512824369,0.07819883729487602
StateInteraction,ST-87,F-41,ST-87,2nd,2,ML,multistage,template_axis,0.14776012445023912,0.09541573093383385,0.06599686744744199,0.07066733557216884,0.04597651750857956
StateInteraction,ST-87,F-41,ST-87,3rd,3,ML,multistage,template_axis,0.1670384820701693,0.14122700778656783,0.04843855787545489,0.04946125410822706,0.06294662682696456
StateInteraction,ST-91,F-3,ST-91,single,1,MH,single_stage,template_axis,0.178513216143699,0.11677035087661781,0.06073405863378952,0.06525001865236908,0.03064565533648225
StateInteraction,ST-94,F-7,ST-94,single,1,MH,single_stage,high_tick_calibrated,0.24175736699374167,0.22378898529350993,0.03577503166780736,0.024865096642005487,0.054967931959676516
StateHistory,ST-114,F-15,ST-114B,single,1,SC,single_stage,high_tick_calibrated,0.11186205366299412,0.12009866328589237,0.02419832193465049,0.052855205581635124,0.05443841540339597
StateHistory,ST-116,F-16,ST-116E,single,1,SC,single_stage,high_tick_calibrated,0.046234494599560284,0.07973524452240485,0.10219600588700355,0.11448576649161034,0.03348547186333863
StateHistory,ST-124,F-9,ST-124,single,1,MH,single_stage,high_tick_calibrated,0.21573904252330536,0.14671818686856805,0.0689741963921493,0.08610780061106733,0.05515724830774188
StateHistory,ST-30,F-38,ST-30,1st,1,ML,multistage,template_axis,0.07522893393922377,0.14444903329140196,0.1677805922946274,0.1792714081147059,0.044282917337013235
StateHistory,ST-30,F-38,ST-30,2nd,2,ML,multistage,template_axis,0.17684783566336515,0.019052148917871662,0.19018885013665143,0.15405363525593588,0.040383641364384305
StateHistory,ST-30,F-38,ST-30,3rd,3,ML,multistage,template_axis,0.04909452616938535,0.06282669117815955,0.04458241217317676,0.10146834574198295,0.12128929511556706
StateHistory,ST-34,F-42,ST-34A,1st,1,ML,multistage,template_axis,0.0692906009112989,0.09561241650788024,0.09883028890563741,0.06477530209649925,0.05028797796262307
StateHistory,ST-34,F-42,ST-34A,2nd,2,ML,multistage,template_axis,0.18852014476941642,0.1417573621493634,0.06340634310673338,0.05611680615424914,0.046210258288621936
StateHistory,ST-34,F-42,ST-34A,3rd,3,ML,multistage,template_axis,0.12471787391115811,0.09983007287422087,0.04943671637347451,0.057129220846822246,0.05093647157755252
StateHistory,ST-34,F-43,ST-34B,1st,1,ML,multistage,template_axis,0.1475828459492294,0.07084196091917379,0.11561576560248796,0.06252240769551531,0.12592532611430032
StateHistory,ST-34,F-43,ST-34B,2nd,2,ML,multistage,template_axis,0.15101122670703643,0.11103346849297811,0.06921386252154543,0.08899428900974671,0.18972626180741814
StateHistory,ST-34,F-43,ST-34B,3rd,3,ML,multistage,template_axis,0.096023191108062,0.09048905723016938,0.03915181799216292,0.11119448449357804,0.13850975944536514
StateHistory,ST-36,F-2,ST-36,single,1,MH,single_stage,template_axis,0.051171245497925365,0.04419055709324064,0.08873127129264355,0.13956962736958012,0.05555572425346875
StateHistory,ST-37,F-22,ST-37A,1st,1,MH,multistage,template_axis,0.2399529133321789,0.1386497627773467,0.1390202916093541,0.05859451911927196,0.10513153961087567
StateHistory,ST-37,F-22,ST-37A,2nd,2,MH,multistage,template_axis,0.182166099469882,0.07324799997192454,0.12157355697891903,0.10375574017072389,0.0377405832659755
StateHistory,ST-37,F-23,ST-37B,1st,1,MH,multistage,template_axis,0.08731578000822579,0.055635925020948974,0.11655653421942566,0.10821946561303077,0.1792199120472565
StateHistory,ST-37,F-23,ST-37B,2nd,2,MH,multistage,template_axis,0.11174428102062085,0.038952133175434694,0.09349271990959054,0.08302496648105877,0.19837823408083657
StateHistory,ST-38,F-24,ST-38A,1st,1,MH,multistage,template_axis,0.09628809545029147,0.08577711481717544,0.12219069109911601,0.03286375671766973,0.11086894980184589
StateHistory,ST-38,F-24,ST-38A,2nd,2,MH,multistage,template_axis,0.20716809487651558,0.13708671771478304,0.1144058394922248,0.2000025284005181,0.21011022405654117
StateHistory,ST-38,F-25,ST-38B,1st,1,MH,multistage,template_axis,0.2786575478487326,0.28081976172736545,0.03198733714769702,0.03403809163564229,0.03312823011631419
StateHistory,ST-38,F-25,ST-38B,2nd,2,MH,multistage,template_axis,0.05578802669231234,0.0547242799319881,0.03834859671380079,0.08611217792644926,0.12752585584659448
StateHistory,ST-39,F-26,ST-39A,1st,1,MH,multistage,template_axis,0.06772990792541089,0.05279735372475492,0.03884218074976305,0.06633146450260376,0.06681655829180894
StateHistory,ST-39,F-26,ST-39A,2nd,2,MH,multistage,template_axis,0.1882681187485659,0.04840364185868979,0.14970105342691653,0.1252273838045943,0.05340617964635093
StateHistory,ST-39,F-27,ST-39B,1st,1,MH,multistage,template_axis,0.07624284060623447,0.028001460206344992,0.09816125684764888,0.2005337389486509,0.09616956924511438
StateHistory,ST-39,F-27,ST-39B,2nd,2,MH,multistage,template_axis,0.04068472334176031,0.06145780535571257,0.033878679092787724,0.07955987229459179,0.07834789231286246
StateHistory,ST-40,F-4,ST-40,single,1,MH,single_stage,high_tick_calibrated,0.14241684300020258,0.02416606453923978,0.1556738813716114,0.031803212477488026,0.12755682462142337
StateHistory,ST-42,F-5,ST-42,single,1,MH,single_stage,template_axis,0.27687010507066984,0.1418491272043139,0.12294917643416174,0.12780250364528833,0.033992504890968424
StateHistory,ST-43,F-6,ST-43,single,1,MH,single_stage,high_tick_calibrated,0.22788996564957492,0.16428615987192477,0.08491808956324338,0.08349975885510151,0.030890727605223565
StateHistory,ST-47,F-8,ST-47,single,1,MH,single_stage,high_tick_calibrated,0.04592366876373946,0.08571867751191121,0.08826296093975854,0.08034283857312942,0.01907966240447191
StateHistory,ST-49,F-28,ST-49A,1st,1,MH,multistage,template_axis,0.06738275101130736,0.038476598699590844,0.05585429066575864,0.09366722143364066,0.09610895690529143
StateHistory,ST-49,F-28,ST-49A,2nd,2,MH,multistage,template_axis,0.04941036854035163,0.005176801698698636,0.0496644423497937,0.04692361832602584,0.05330870768238626
StateHistory,ST-49,F-29,ST-49B,1st,1,MH,multistage,template_axis,0.18647568697252986,0.15346903148661392,0.053138200204939874,0.11504847887691548,0.12354945797185389
StateHistory,ST-49,F-29,ST-49B,2nd,2,MH,multistage,template_axis,0.07565288693095558,0.06468732547769189,0.04480941824568018,0.05300462793160056,0.06095529107279175
StateHistory,ST-49,F-29,ST-49B,3rd,3,MH,multistage,template_axis,0.1689062645055816,0.059075336908935225,0.12096142522035107,0.07368522318738312,0.07071023361532779
StateHistory,ST-50,F-10,ST-50,single,1,MH,single_stage,high_tick_calibrated,0.07276662768563598,0.02578597303270402,0.06322611490727549,0.0759031067140641,0.16984270821121614
StateHistory,ST-51,F-30,ST-51,1st,1,MH,multistage,template_axis,0.22370619165711222,0.021965506751456018,0.2108272145004221,0.11040970709952715,0.12805431116404556
StateHistory,ST-51,F-30,ST-51,2nd,2,MH,multistage,template_axis,0.08255798208264627,0.020282617084306502,0.07494645016180074,0.08832049085044637,0.16524073801108033
StateHistory,ST-52,F-31,ST-52,1st,1,MH,multistage,template_axis,0.07214851437096087,0.1094853855552522,0.10725356728197503,0.03166670225726915,0.09588928703711734
StateHistory,ST-52,F-31,ST-52,2nd,2,MH,multistage,template_axis,0.18889694922039466,0.11831757722499053,0.08438975671524628,0.07736516167652528,0.026492993678004974
StateHistory,ST-53,F-11,ST-53,single,1,MH,single_stage,high_tick_calibrated,0.2559726000674048,0.12345710178620006,0.12648079103773724,0.1014912601242777,0.0442946712506806
StateHistory,ST-54,F-12,ST-54,single,1,MH,single_stage,high_tick_calibrated,0.2678996056624814,0.10445042193790995,0.16086327359934563,0.13529758947785478,0.046884149018192406
StateHistory,ST-57,F-32,ST-57,1st,1,ML,multistage,template_axis,0.08096684350220244,0.013899865899522402,0.07077534436160884,0.027413090887509373,0.08138234647464648
StateHistory,ST-57,F-32,ST-57,2nd,2,ML,multistage,template_axis,0.13053944400520986,0.04364650610383357,0.16293729932483025,0.24261875297477573,0.08466114884798538
StateHistory,ST-57,F-32,ST-57,3rd,3,ML,multistage,template_axis,0.07199861842542528,0.09766103382686075,0.13510866135395802,0.31277795274147524,0.16206817959850098
StateHistory,ST-59,F-13,ST-59B,single,1,SC,single_stage,high_tick_calibrated,0.13936070241419832,0.1488522419972573,0.06045900289150029,0.1595397239791297,0.12428326177968049
StateHistory,ST-59,F-33,ST-59A,1st,1,SC,multistage,template_axis,0.2593088538438256,0.11625887981623746,0.13876285996492688,0.05584853977927408,0.17114314867630473
StateHistory,ST-59,F-33,ST-59A,2nd,2,SC,multistage,template_axis,0.23251692314422123,0.055218041809597614,0.19532204817204035,0.05293185386585892,0.17043258234252862
StateHistory,ST-60,F-14,ST-60,single,1,SC,single_stage,high_tick_calibrated,0.24248270916662784,0.16947901069390212,0.07280423860561075,0.12139738785331872,0.09450155707891769
StateHistory,ST-62,F-35,ST-62,1st,1,ML,multistage,template_axis,0.26069643772349765,0.24483307127465612,0.038620456807090524,0.06327741225859514,0.0696574020221775
StateHistory,ST-62,F-35,ST-62,2nd,2,ML,multistage,template_axis,0.16905990382330086,0.22821650209294472,0.0653128823822491,0.05486913254893077,0.06785596259761009
StateHistory,ST-64,F-36,ST-64,1st,1,ML,multistage,template_axis,0.03488592834985966,0.07165158290114886,0.06763349320668127,0.04953152457677736,0.04069296986058593
StateHistory,ST-64,F-36,ST-64,2nd,2,ML,multistage,template_axis,0.16891800606813856,0.16597462944234032,0.2713840948406639,0.307325731774535,0.06531188275926206
StateHistory,ST-65,F-17,ST-65A,single,1,ML,single_stage,template_axis,0.1699169128928764,0.14842537995198793,0.07201446391598136,0.13507272123302252,0.12299773520649956
StateHistory,ST-65,F-18,ST-65B,single,1,ML,single_stage,high_tick_calibrated,0.19504783073410417,0.13597457331067023,0.07745656187437133,0.14200209911416833,0.07030841157977112
StateHistory,ST-74,F-40,ST-74,1st,1,ML,multistage,template_axis,0.18397217272697658,0.03176248218759179,0.21587037285236693,0.19418366577324808,0.048392903433378466
StateHistory,ST-74,F-40,ST-74,2nd,2,ML,multistage,template_axis,0.05544467860000201,0.028866638240517623,0.05311049789255342,0.0705626133078588,0.06798944996233247
StateHistory,ST-75,F-19,ST-75,single,1,ML,single_stage,high_tick_calibrated,0.0946014228392327,0.0019363399918380126,0.09314722424326524,0.0653424052423409,0.04902917440450075
StateHistory,ST-77,F-20,ST-77,single,1,ML,single_stage,high_tick_calibrated,0.1972646107163095,0.00031146635158398853,0.1974586231181721,0.049083133647483145,0.14505110860238146
StateHistory,ST-79,F-44,ST-79A,1st,1,ML,multistage,template_axis,0.12716124239799542,0.08696883096251995,0.1961095166060809,0.15256429430912205,0.07391870909622594
StateHistory,ST-79,F-44,ST-79A,2nd,2,ML,multistage,template_axis,0.19637766368424564,0.18528434623514486,0.051725625246168715,0.047748051929819874,0.052530278579828546
StateHistory,ST-79,F-44,ST-79A,3rd,3,ML,multistage,template_axis,0.11874016693454992,0.13329442807579409,0.12918159396503937,0.03320617340679709,0.1196861141933844
StateHistory,ST-79,F-45,ST-79B,1st,1,ML,multistage,template_axis,0.2624995155273484,0.20503294093237245,0.0548181265157915,0.051546909592860984,0.03936863612782441
StateHistory,ST-79,F-45,ST-79B,2nd,2,ML,multistage,template_axis,0.08546400254097668,0.1661644348946014,0.14383197603148293,0.05359204254400824,0.151950918898151
StateHistory,ST-79,F-45,ST-79B,3rd,3,ML,multistage,template_axis,0.07467393841910078,0.027359297499452356,0.05520681712948422,0.11732017288856794,0.09850467828609753
StateHistory,ST-80,F-46,ST-80A,1st,1,ML,multistage,template_axis,0.09497952064445689,0.06257917504963738,0.1527321512688947,0.12713444500340268,0.039841423510939396
StateHistory,ST-80,F-46,ST-80A,2nd,2,ML,multistage,template_axis,0.15825270124338425,0.10017210729111237,0.0705630696132905,0.07271526014893212,0.04140682846577137
StateHistory,ST-80,F-46,ST-80A,3rd,3,ML,multistage,template_axis,0.12538839261476084,0.08843929119158982,0.05952830121357753,0.06620987837611429,0.057186720644307944
StateHistory,ST-80,F-47,ST-80B,1st,1,ML,multistage,template_axis,0.09756586009186179,0.053902893046957424,0.1495605141999957,0.14312803698695084,0.029094303079262966
StateHistory,ST-80,F-47,ST-80B,2nd,2,ML,multistage,template_axis,0.16908243148883545,0.04575073549171828,0.200505646493135,0.26066624712028824,0.05679346799389671
StateHistory,ST-80,F-47,ST-80B,3rd,3,ML,multistage,template_axis,0.039746000257248976,0.028315910086690536,0.058707844703348375,0.054886086809499565,0.05624445238756652
StateHistory,ST-80,F-47,ST-80B,4th,4,ML,multistage,template_axis,0.052220444331814275,0.12331268318302764,0.11645802081804414,0.24337386085722443,0.12098890774699275
StateHistory,ST-81,F-37,ST-81,1st,1,ML,multistage,template_axis,0.12368226171356347,0.014519563020681905,0.1145444148164278,0.042417162395283196,0.12014186172618295
StateHistory,ST-81,F-37,ST-81,2nd,2,ML,multistage,template_axis,0.08316675499717026,0.018931354281056616,0.08445027889410263,0.11786688293874271,0.11308788534759766
StateHistory,ST-81,F-37,ST-81,3rd,3,ML,multistage,template_axis,0.1772467641953984,0.00324761797937206,0.17482349545825332,0.033928453011267644,0.16531921378361805
StateHistory,ST-81,F-37,ST-81,4th,4,ML,multistage,template_axis,0.14423490568804517,0.005856254070960824,0.14050835111914212,0.03845174090371018,0.13505802419971047
StateHistory,ST-83,F-39,ST-83,1st,1,ML,multistage,template_axis,0.15867108747073155,0.15780668017204033,0.12345836199735413,0.07514457880766703,0.1323963787686302
StateHistory,ST-83,F-39,ST-83,2nd,2,ML,multistage,template_axis,0.09990789286243924,0.1088383518857976,0.027360924983323015,0.08953460645593103,0.136123504073654
StateHistory,ST-83,F-39,ST-83,3rd,3,ML,multistage,template_axis,0.1432918698231844,0.05453200441546517,0.0943048362738966,0.06034843646773022,0.051596441917370846
StateHistory,ST-85,F-21,ST-85,single,1,ML,single_stage,high_tick_calibrated,0.09930185858585916,0.046428992777502745,0.06478668572994159,0.130177987842128,0.08593808998935624
StateHistory,ST-87,F-41,ST-87,1st,1,ML,multistage,template_axis,0.12427642397078258,0.054560660526375516,0.1770848075174476,0.15908945325415527,0.042614808327310745
StateHistory,ST-87,F-41,ST-87,2nd,2,ML,multistage,template_axis,0.1603960502584622,0.11447766394483849,0.06078732284587557,0.05825669166978833,0.04591569532518967
StateHistory,ST-87,F-41,ST-87,3rd,3,ML,multistage,template_axis,0.13629048758709472,0.12858640251723627,0.041219196170212836,0.05652382297123809,0.06156925888752918
StateHistory,ST-91,F-3,ST-91,single,1,MH,single_stage,template_axis,0.16983353338424048,0.1745256473451103,0.029647360460939746,0.04457966551714388,0.040343124280315945
StateHistory,ST-94,F-7,ST-94,single,1,MH,single_stage,high_tick_calibrated,0.26047480670345546,0.20522143567436038,0.07861548165730224,0.05511047400632379,0.0329650354963378
