figure_id,specimen_id,tube_id,soil_type,test_family,stage,stage_index,digitization_status,strain_confidence,sigma_c_net_kPa,matric_suction_kPa,gamma_d_g_cm3,degree_saturation,q_peak_source_kPa,q_peak_digitized_kPa,eps_peak_pct,eps50_pct,E_0p1_MPa,E50_MPa,lambda_mobilization,E_i_model_MPa,prepeak_nrmse,postpeak_available,postpeak_reason,residual_ratio_model,beta_softening_per_pct,postpeak_nrmse,terminal_strength_ratio,piecewise_total_nrmse,n_curve_points
F-2,ST-36,ST-36,MH,single_stage,single,1,USABLE_REVIEW_X,template_axis,27.6,152.0,1.27,0.6,264.5,264.5,3.81021897810219,0.7504211117349805,30.55280528052806,17.623438084549193,3.627790225091772,32.12546369569694,0.027870717096754476,True,fitted,0.708254238332499,0.3248921968304219,0.018150695343759602,0.7355021216407356,0.021832574511640942,534
F-3,ST-91,ST-91,MH,single_stage,single,1,USABLE_REVIEW_X,template_axis,69.0,27.6,1.3,0.92,187.5,187.5,6.278293135435993,1.3191094619666044,26.07856260296541,7.107067510548525,2.621411436301523,10.815274624149605,0.029230368338081653,True,fitted,0.41640512777590855,0.0631560836633368,0.015066063396166542,0.8352553542009884,0.023783025050510897,525
F-4,ST-40,ST-40,MH,single_stage,single,1,PASS,high_tick_calibrated,34.5,34.5,1.16,0.75,160.0,160.0,6.146892655367233,0.5677966101694915,34.69508196721312,14.089552238805972,8.971136384189133,25.954281470609946,0.025650566582249557,True,fitted,0.9449345496340946,1.0355685134765737,0.00837565043469366,0.9418032786885245,0.019510841105124563,517
F-5,ST-42,ST-42,MH,single_stage,single,1,USABLE_REVIEW_X,template_axis,75.8,20.7,1.32,0.98,200.5,200.5,11.37313432835821,1.914179104477612,21.785930735930737,5.237231968810916,3.2681003689619574,7.524347284311083,0.03176419125318098,False,insufficient_postpeak,,,,0.9918831168831168,0.03139162730939429,522
F-6,ST-43,ST-43,MH,single_stage,single,1,PASS,high_tick_calibrated,103.4,13.8,1.67,0.98,388.9,388.9,5.506692160611855,1.3996175908221795,60.43768353174603,13.893080601092898,2.261567493320885,23.034220202560878,0.030792891061650524,True,fitted,7.351753075115583e-18,0.04054589407748962,0.01410840198955114,0.7827380952380952,0.023540307801877283,509
F-7,ST-94,ST-94,MH,single_stage,single,1,PASS,high_tick_calibrated,113.8,37.9,1.36,0.94,433.7,433.7,6.433460076045627,1.1977186311787074,58.57780371485943,18.105253968253965,3.5732464553547727,30.82970849655892,0.021399572078407123,True,fitted,2.1169044915033055e-19,0.08537512845258126,0.015962955069464952,0.7183734939759036,0.019447126472448756,468
F-8,ST-47,ST-47,MH,single_stage,single,1,PASS,high_tick_calibrated,82.7,89.6,1.09,0.65,292.8,292.8,10.27289719626168,1.4990654205607477,32.92573099415204,9.766084788029927,4.54764495335301,15.811999393246774,0.01530568014629947,False,hardening_or_truncated,,,,0.9897660818713451,0.014883622644662552,521
F-9,ST-124,ST-124,MH,single_stage,single,1,PASS,high_tick_calibrated,137.9,62.1,1.2,0.81,353.0,353.0,11.518164435946462,1.4168260038240916,59.33384162653825,12.457422402159246,4.883285495342041,18.030648819132676,0.0352353443819182,False,insufficient_postpeak,,,,0.9919743178170145,0.03502705480685867,509
F-10,ST-50,ST-50,MH,single_stage,single,1,PASS,high_tick_calibrated,41.4,62.1,1.11,0.71,197.2,197.2,11.3648393194707,0.8630348857191958,29.858709333333334,11.42479888490641,14.441041006119924,26.792928617917877,0.023411676903172356,False,insufficient_postpeak,,,,0.9968000000000001,0.023114462372235342,515
F-11,ST-53,ST-53,MH,single_stage,single,1,PASS,high_tick_calibrated,82.7,27.6,1.17,0.92,202.7,202.7,10.732075471698112,2.3377358490566036,27.015751211631663,4.335391444713478,2.646284637776997,6.886849594251417,0.025953396734627217,False,insufficient_postpeak,,,,0.9870759289176092,0.025764275479259094,482
F-12,ST-54,ST-54,MH,single_stage,single,1,PASS,high_tick_calibrated,93.1,24.1,1.36,0.94,239.9,239.9,11.574626865671643,3.0335820895522376,25.857176596886745,3.9540713407134085,2.1779328605345136,6.586701256896118,0.024236997496208258,False,insufficient_postpeak,,,,0.9903381642512076,0.02414395685529197,522
F-13,ST-59B,ST-59,SC,single_stage,single,1,PASS,high_tick_calibrated,20.7,72.4,1.74,0.52,175.1,175.10000000000002,3.8382352941176463,0.963235294117647,30.260337301587303,9.089160305343512,2.1939377982437227,14.570719760968721,0.03165941672297737,True,fitted,3.2226438293521085e-19,0.013349900334467337,0.015154957155753488,0.880952380952381,0.022027823630395477,530
F-14,ST-60,ST-60,SC,single_stage,single,1,PASS,high_tick_calibrated,20.7,55.2,1.82,0.61,175.1,175.10000000000002,9.550561797752808,1.2752808988764042,28.368227206946457,6.8651541850220275,5.921130160238131,12.689200035780592,0.025907358405133668,True,fitted,4.708342130681316e-13,0.03595217581679367,0.009999468155432487,0.9573082489146165,0.023835431328609488,520
F-15,ST-114B,ST-114,SC,single_stage,single,1,PASS,high_tick_calibrated,82.7,55.2,1.72,0.63,336.5,336.5,8.1453154875717,1.35536738596012,48.81136595310908,12.413608424022572,4.8539267088666485,24.183794237795475,0.021919720275185885,True,fitted,9.511573369371758e-11,0.04894969322372192,0.002962280899298596,0.9709480122324159,0.020702878581080116,400
F-16,ST-116E,ST-116,SC,single_stage,single,1,PASS,high_tick_calibrated,137.9,10.3,1.76,0.79,392.3,392.3,11.566539923954371,2.219771863117871,44.59402080162354,8.836493662213085,2.959998017471398,13.431045346903673,0.02363638581302764,False,insufficient_postpeak,,,,0.9847792998477929,0.02354387514175518,512
F-17,ST-65A,ST-65,ML,single_stage,single,1,USABLE_REVIEW_X,template_axis,82.7,31.0,1.67,0.98,388.2,388.2,4.301886792452829,1.6330188679245285,27.445144804088596,11.885961871750432,0.8019182154275645,16.26041513821753,0.027204967949626256,True,fitted,0.7317755694678023,1.7442085322653553,0.03765166955044463,0.747870528109029,0.033998613031334175,489
F-18,ST-65B,ST-65,ML,single_stage,single,1,PASS,high_tick_calibrated,100.0,31.0,1.71,0.99,432.3,432.3,4.130019120458891,1.3236137667304015,52.797930107526895,16.330292524377032,1.3438884305385315,24.534098728560426,0.025619966991063125,True,fitted,0.6433402370629653,0.3950896813684766,0.010359269509758521,0.6635944700460829,0.017400388924363897,509
F-19,ST-75,ST-75,ML,single_stage,single,1,PASS,high_tick_calibrated,75.8,27.6,1.63,0.88,281.3,281.3,6.79035250463822,1.950834879406308,34.18608049702864,7.209733713742273,2.031135401407161,12.556909053446304,0.03635203195594235,True,fitted,0.9080838463781433,0.1965560977373544,0.0043353846164169395,0.972447325769854,0.03133189194868818,414
F-20,ST-77,ST-77,ML,single_stage,single,1,PASS,high_tick_calibrated,69.0,55.2,1.61,0.85,315.8,315.8,4.37593984962406,0.4308270676691731,85.33319148936171,36.650436300174505,8.478443441583133,68.40341827617009,0.027314628518372068,False,hardening_or_truncated,,,,0.9957446808510638,0.02403234912261977,253
F-21,ST-85,ST-85,ML,single_stage,single,1,PASS,high_tick_calibrated,103.4,27.6,1.53,0.83,330.3,330.3,4.6654205607476635,1.425901201602136,44.70890363128492,11.582148876404498,1.4672078511482503,17.46720885337872,0.03161890798898058,True,fitted,0.5521759655370777,0.39191034053775237,0.014765644615053313,0.6284916201117319,0.024049455045516355,454
F-22,ST-37A,ST-37,MH,multistage,1st,1,USABLE_REVIEW_X,template_axis,20.7,82.7,1.19,0.54,177.4,178.33751914241964,2.564102564102564,0.27192598171625143,65.7852394129786,32.61917064348652,6.672003767195702,53.07952526372019,0.047709461487363526,False,insufficient_postpeak,,,,0.9859685265079301,0.047709461487363526,176
F-22,ST-37A,ST-37,MH,multistage,2nd,2,USABLE_REVIEW_X,template_axis,20.7,124.1,1.21,0.49,195.6,194.57710944026735,1.8608058608058609,0.33083664356677656,29.871906924022667,29.561417062393787,4.10143687937546,53.624135361101246,0.033616645450490326,True,fitted,0.7209295364019895,1.2469127029222666,0.013242731786815004,0.81196428104096,0.028001432197351673,201
F-23,ST-37B,ST-37,MH,multistage,1st,1,USABLE_REVIEW_X,template_axis,20.7,93.1,1.08,0.65,177.2,170.8431007751938,2.298507462686567,0.9786976936129596,27.055450159937756,9.052846510031543,0.4215882052684649,10.959521953395663,0.03331812883130459,False,insufficient_postpeak,,,,0.9282847411778259,0.03333513771805971,156
F-23,ST-37B,ST-37,MH,multistage,2nd,2,USABLE_REVIEW_X,template_axis,20.7,124.1,1.09,0.6,197.2,204.82118959107808,4.447761194029851,0.30439913647417116,30.54852471110348,32.39168190227977,19.886564797092525,92.60458010909574,0.04630189358885253,False,hardening_or_truncated,,,,1.037036700604229,0.045412688510351046,332
F-24,ST-38A,ST-38,MH,multistage,1st,1,USABLE_REVIEW_X,template_axis,27.6,75.8,1.15,0.63,186.5,186.6910041841004,3.123388581952118,1.0137709434190312,17.960226645802404,9.198330313700472,1.2496247645913257,13.432687210954084,0.03631256570342042,False,hardening_or_truncated,,,,0.9875695254340692,0.034066704427319225,247
F-24,ST-38A,ST-38,MH,multistage,2nd,2,USABLE_REVIEW_X,template_axis,27.6,137.9,1.16,0.59,180.1,179.91592741935486,1.6206261510128912,0.632638776804263,7.276934302874881,14.23403106190901,0.4890032749721647,16.547276474273907,0.028735805068708067,True,fitted,0.8753660233386703,0.7491795314857073,0.004870551891444087,0.9307074832603385,0.02160425874803453,201
F-25,ST-38B,ST-38,MH,multistage,1st,1,USABLE_REVIEW_X,template_axis,27.6,20.7,1.08,0.91,103.4,102.33604928457868,3.02367941712204,0.7586354033080637,18.959594551988253,6.81486782380045,2.3016770387936343,11.290661433155586,0.031919099253174106,False,insufficient_postpeak,,,,0.9760696167853276,0.03191909925317411,167
F-25,ST-38B,ST-38,MH,multistage,2nd,2,USABLE_REVIEW_X,template_axis,27.6,89.6,1.09,0.65,195.1,197.1496937212864,4.772313296903461,0.41715265916769473,27.704390187638275,23.384724478235928,10.112043339491517,45.42785690414512,0.019469716811526323,False,hardening_or_truncated,,,,0.9944405862019825,0.016740929215124607,386
F-26,ST-39A,ST-39,MH,multistage,1st,1,USABLE_REVIEW_X,template_axis,20.7,55.2,1.08,0.67,146.1,143.56106750392462,2.6867924528301885,0.7526242044605634,24.601931318318268,9.706039158328414,1.9610426945079364,16.10129346656131,0.030212608384289165,False,insufficient_postpeak,,,,0.976258999793047,0.03021260838428917,179
F-26,ST-39A,ST-39,MH,multistage,2nd,2,USABLE_REVIEW_X,template_axis,20.7,82.7,1.09,0.61,166.2,169.19222941720628,1.9169811320754715,0.31914915000341953,30.511706992624145,26.037982554272702,4.66495355862502,49.11447826427593,0.04691874807387975,True,fitted,0.8738712989540691,0.22603690755299893,0.010016660947047258,0.934901437139208,0.028126525624666745,389
F-27,ST-39B,ST-39,MH,multistage,1st,1,USABLE_REVIEW_X,template_axis,34.5,55.2,1.1,0.66,143.5,145.5041204437401,1.922365988909427,0.5905242460538934,25.216123323003405,12.150220838426309,1.4067517893306432,17.96582356125005,0.028467065409254012,False,insufficient_postpeak,,,,1.0117077199629927,0.02798973531757752,137
F-27,ST-39B,ST-39,MH,multistage,2nd,2,USABLE_REVIEW_X,template_axis,34.5,106.9,1.11,0.59,207.3,204.48351893095767,4.273567467652495,0.5459932081623723,22.036258775443933,18.983752627409174,6.966261665786128,38.64232999285243,0.023445241680479036,False,insufficient_postpeak,,,,0.9848502474766379,0.02301766363038492,309
F-28,ST-49A,ST-49,MH,multistage,1st,1,USABLE_REVIEW_X,template_axis,24.1,75.8,1.13,0.65,168.2,169.10574845679008,2.3670411985018727,0.7271432171628252,27.699428254582777,11.565809597749153,1.4899661161092839,17.693494350442766,0.029406401667846836,False,insufficient_postpeak,,,,0.984111854606569,0.029406401667846836,159
F-28,ST-49A,ST-49,MH,multistage,2nd,2,USABLE_REVIEW_X,template_axis,24.1,120.7,1.13,0.62,202.7,201.62010119595217,2.411985018726591,0.5556842296211381,26.587095134558798,18.23877565665302,2.8786560593800843,32.59570756585461,0.0396242571785022,True,fitted,0.6658027064400769,0.11976391413803043,0.005752528521104035,0.8780133162497993,0.02450067741444762,439
F-29,ST-49B,ST-49,MH,multistage,1st,1,USABLE_REVIEW_X,template_axis,24.1,27.6,1.12,0.9,111.7,107.67171253822627,2.317757009345794,0.8384165631770263,19.03566513761468,6.6613664916597815,0.8026491123809197,8.687533034784483,0.04089145993289669,False,insufficient_postpeak,,,,0.9371213303436737,0.04089145993289668,156
F-29,ST-49B,ST-49,MH,multistage,2nd,2,USABLE_REVIEW_X,template_axis,24.1,89.6,1.12,0.69,169.6,171.20275229357796,2.332710280373832,0.5800621844321366,20.671234709480142,14.619122272729543,2.270240188178077,23.776323214304963,0.0244310880893516,False,insufficient_postpeak,,,,1.0001550689515895,0.024171627615686194,161
F-29,ST-49B,ST-49,MH,multistage,3rd,3,USABLE_REVIEW_X,template_axis,24.1,137.9,1.13,0.58,206.2,206.2,3.0205607476635516,0.7327102803738317,17.065099388379206,14.071045918367348,2.688521864717334,25.17986797958057,0.043243951897504754,True,fitted,6.2691125773890725e-16,0.07465947030904206,0.019018812557746845,0.8516819571865443,0.034764099657428056,362
F-30,ST-51,ST-51,MH,multistage,1st,1,USABLE_REVIEW_X,template_axis,41.4,44.8,1.08,0.76,159.3,158.53198757763977,2.224677716390423,0.1702781206000909,67.18885221548395,46.776414796744874,5.657304106068023,47.67021021891337,0.07497659968163252,False,insufficient_postpeak,,,,0.9951788297403625,0.07241380069856942,163
F-30,ST-51,ST-51,MH,multistage,2nd,2,USABLE_REVIEW_X,template_axis,41.4,89.6,1.09,0.72,200.0,200.9736220472441,4.876611418047882,0.3543488884250898,26.799083529979974,28.220774289557347,12.216873697615231,54.20515421302924,0.030290145316013987,False,hardening_or_truncated,,,,0.997066339194014,0.029261328204768195,356
F-31,ST-52,ST-52,MH,multistage,1st,1,USABLE_REVIEW_X,template_axis,62.1,31.0,1.19,0.91,215.5,214.1742086330935,3.4327808471454877,1.2271656464166718,28.834479978663335,8.780395728533504,0.8348914135744603,11.518914758397846,0.02635869146209974,False,insufficient_postpeak,,,,0.9750622332259434,0.026358691462099737,234
F-31,ST-52,ST-52,MH,multistage,2nd,2,USABLE_REVIEW_X,template_axis,62.1,62.1,1.2,0.86,266.3,267.9587308730873,2.327808471454881,0.5091439876778955,30.51645114907172,26.151737666052128,2.893835924631728,44.545267338139226,0.025268776567975715,False,insufficient_postpeak,,,,0.9989897492276534,0.02504805924555652,162
F-32,ST-57,ST-57,ML,multistage,1st,1,USABLE_REVIEW_X,template_axis,131.0,10.3,1.69,0.9,318.4,312.89805475504323,3.020257826887661,1.1451875412982795,33.68605007204611,13.901653158007438,0.7670144749911346,18.628125182840687,0.019080910662926796,False,insufficient_postpeak,,,,0.9785735232357755,0.019080910662926793,206
F-32,ST-57,ST-57,ML,multistage,2nd,2,USABLE_REVIEW_X,template_axis,131.0,41.4,1.69,0.79,366.5,366.5,1.561694290976059,0.5282820310444618,32.74207492795389,34.68791085657371,1.0882572405101605,49.0074327010975,0.04515527748039182,False,hardening_or_truncated,,,,0.9985590778097984,0.04056176362927931,133
F-32,ST-57,ST-57,ML,multistage,3rd,3,USABLE_REVIEW_X,template_axis,131.0,62.1,1.7,0.7,377.8,378.11815561959656,1.1639042357274405,0.5093167914094553,39.62055115273791,37.0889008935379,0.36340936806178503,44.25587977449083,0.014458991654137889,True,fitted,5.186788013007148e-12,0.06228973271787195,0.007138206843261734,0.9561117527075453,0.012191718449610013,130
F-33,ST-59A,ST-59,SC,multistage,1st,1,USABLE_REVIEW_X,template_axis,20.7,20.7,1.83,0.61,136.5,134.65061538461538,2.5018726591760303,0.9605424828292023,12.077215283400808,7.10535985862645,0.5971660063513222,8.713999054562441,0.02733575515357022,False,insufficient_postpeak,,,,0.9691452299387521,0.02733575515357022,168
F-33,ST-59A,ST-59,SC,multistage,2nd,2,USABLE_REVIEW_X,template_axis,20.7,137.9,1.83,0.43,252.4,255.91491228070177,2.1872659176029967,0.4087161471101862,35.582015688259084,30.87717500086377,4.346558774498098,61.696724839117515,0.04523036598541561,True,fitted,5.500751073477634e-22,0.021573439943386376,0.01566405765739152,0.9179929652395037,0.030842596930032433,375
F-35,ST-62,ST-62,ML,multistage,1st,1,USABLE_REVIEW_X,template_axis,41.4,41.4,1.72,0.81,174.4,175.1289321789322,2.339622641509434,0.5463636225295955,38.40271203385553,15.960066959852647,2.444090507019552,25.672917237486388,0.036708193986136256,False,insufficient_postpeak,,,,1.0014778283157761,0.036708193986136256,156
F-35,ST-62,ST-62,ML,multistage,2nd,2,USABLE_REVIEW_X,template_axis,41.4,69.0,1.73,0.78,218.6,217.6939013452915,1.6905660377358491,0.4376735559554989,26.662005594057177,24.97295039024776,2.5206470266803382,45.524009287626185,0.055671156210798885,True,fitted,2.5052136975215206e-12,0.030330079348380876,0.005304703635619807,0.8837674175248383,0.029678972624564093,407
F-36,ST-64,ST-64,ML,multistage,1st,1,USABLE_REVIEW_X,template_axis,75.8,34.5,1.68,0.8,237.9,238.39041297935103,2.3547169811320754,0.6821650548281624,43.559394728312974,17.43712891155991,1.877808970267375,29.07486375273257,0.03239308819413617,False,insufficient_postpeak,,,,0.9924875896121073,0.03032775697711137,180
F-36,ST-64,ST-64,ML,multistage,2nd,2,USABLE_REVIEW_X,template_axis,75.8,69.0,1.69,0.7,257.9,257.3705414012739,0.9811320754716985,0.3050719135861449,35.919893038489015,42.26872231015382,1.5614651664373538,67.33057484708124,0.0564516364157612,True,fitted,0.8054859319999161,0.8000675812619433,0.005948981781722218,0.8198473463366444,0.026826810893782,304
F-37,ST-81,ST-81,ML,multistage,1st,1,USABLE_REVIEW_X,template_axis,20.7,96.5,1.24,0.42,150.1,154.34133932841527,2.590909090909091,0.7244898410791701,23.83886033191365,10.35901343878178,2.0879595144460916,17.88957878702436,0.03820335121749804,False,insufficient_postpeak,,,,1.0066226427330334,0.038006211889838375,176
F-37,ST-81,ST-81,ML,multistage,2nd,2,USABLE_REVIEW_X,template_axis,20.7,117.2,1.25,0.39,163.6,163.8921647819063,1.8333333333333333,0.4349374667430244,22.310728259355095,18.807301337488628,2.8101903466204847,34.000753129478795,0.05631309693462766,False,hardening_or_truncated,,,,0.9901100225623968,0.042642380256728306,217
F-37,ST-81,ST-81,ML,multistage,3rd,3,USABLE_REVIEW_X,template_axis,41.4,117.2,1.26,0.39,199.6,198.6571694326137,2.454545454545454,0.6751286544152806,19.865716943261408,14.782367678710864,1.9766773456262743,24.205899185396476,0.036703778263954566,False,insufficient_postpeak,,,,0.9952763999629946,0.03564528199293569,173
F-37,ST-81,ST-81,ML,multistage,4th,4,USABLE_REVIEW_X,template_axis,62.1,117.2,1.26,0.39,236.9,236.47843822843825,2.333333333333333,0.5190373763908379,28.65247636047309,22.82109254320955,3.122536890156355,41.85552811191603,0.040638128595396034,False,insufficient_postpeak,,,,0.996607873407761,0.03975244365586455,162
F-38,ST-30,ST-30,ML,multistage,1st,1,USABLE_REVIEW_X,template_axis,48.3,6.9,1.4,0.84,133.6,133.6,1.696060037523452,0.4953095684803002,30.860448275862066,13.48651515151515,1.6491763454832764,20.86777306971787,0.04449854075145999,False,insufficient_postpeak,,,,0.9793103448275863,0.04430464640537058,115
F-38,ST-30,ST-30,ML,multistage,2nd,2,USABLE_REVIEW_X,template_axis,48.3,48.3,1.4,0.7,196.2,195.33241379310343,1.425891181988743,0.2750259331243703,42.66562068965516,35.6693635707575,3.2244432717467917,58.12756123231737,0.027671855539625617,False,insufficient_postpeak,,,,0.9861858061794792,0.026384156852398172,109
F-38,ST-30,ST-30,ML,multistage,3rd,3,USABLE_REVIEW_X,template_axis,96.5,48.3,1.41,0.71,311.9,315.57241379310346,4.352720450281426,0.5226633305353914,33.76855172413798,29.837562899285906,6.9593164574219495,57.03354560501119,0.02193761686260155,False,hardening_or_truncated,,,,1.0029120739405868,0.019502130650144753,376
F-39,ST-83,ST-83,ML,multistage,1st,1,USABLE_REVIEW_X,template_axis,41.4,75.8,1.43,0.49,161.7,161.7,2.4842883548983363,0.2495378927911274,68.20778403525956,32.39988888888891,5.858299354618212,44.64002753364545,0.07389478590121307,False,insufficient_postpeak,,,,0.9882468168462292,0.07346157257097775,171
F-39,ST-83,ST-83,ML,multistage,2nd,2,USABLE_REVIEW_X,template_axis,41.4,103.4,1.43,0.44,190.9,196.0671890303624,3.4750462107208873,0.41802109517979597,28.507345739471106,22.833775878929217,8.57722857627614,52.61204669942624,0.04325282076438657,False,insufficient_postpeak,,,,1.0171120969847964,0.043252820764386565,236
F-39,ST-83,ST-83,ML,multistage,3rd,3,USABLE_REVIEW_X,template_axis,41.4,124.1,1.43,0.41,217.4,209.3706170421156,2.410351201478743,0.5876413123763079,22.37034769833499,18.497678381466784,2.5473316189270974,31.99491814643561,0.0333255784627595,True,fitted,0.9449212262512117,11.380536226684972,0.013828180182888996,0.9266417198356139,0.026935499731894075,280
F-40,ST-74,ST-74,ML,multistage,1st,1,USABLE_REVIEW_X,template_axis,62.1,55.2,1.73,0.71,272.0,275.4474622770919,3.625468164794007,1.2137078041396128,35.019309484120775,11.20533290930013,1.1040411088271778,15.785524947052167,0.02444096244967272,False,insufficient_postpeak,,,,1.007066327957187,0.024104120350986056,252
F-40,ST-74,ST-74,ML,multistage,2nd,2,USABLE_REVIEW_X,template_axis,62.1,82.7,1.73,0.69,321.7,317.723417721519,2.1573033707865172,0.5427582713305098,27.92610149589352,29.635660752934196,2.591537319871672,53.557490867938434,0.06146861886670707,True,fitted,3.932747504322115e-20,0.03120046080320206,0.0041500713119833445,0.9280282737465126,0.04161483808818425,318
F-41,ST-87,ST-87,ML,multistage,1st,1,USABLE_REVIEW_X,template_axis,117.2,20.7,1.55,0.89,318.0,318.4112359550562,4.584103512014787,1.5761184137223698,43.32199839486357,10.08807451367087,0.9748019156223555,13.699232740316084,0.030051513519842248,False,insufficient_postpeak,,,,0.9816984160634786,0.029860456251343138,315
F-41,ST-87,ST-87,ML,multistage,2nd,2,USABLE_REVIEW_X,template_axis,117.2,55.2,1.55,0.67,388.2,388.2000000000001,2.484288354898336,0.6592729513247071,35.51749598715891,29.44152336448599,2.2698644913442263,51.09557403177436,0.04545048677256739,False,insufficient_postpeak,,,,0.9967897271268057,0.04545048677256739,169
F-41,ST-87,ST-87,ML,multistage,3rd,3,USABLE_REVIEW_X,template_axis,117.2,75.8,1.56,0.62,443.3,438.0491171749599,2.853974121996303,0.6353886562613318,47.925252808988944,34.884160712626354,3.387075528012156,68.14324511840505,0.05161261396441777,False,insufficient_postpeak,,,,0.9839381350798532,0.05075492193104864,201
F-42,ST-34A,ST-34,ML,multistage,1st,1,USABLE_REVIEW_X,template_axis,89.6,6.9,1.56,0.81,253.3,256.5302325581396,3.191176470588235,1.2112182946573122,29.810232558139546,10.456414055059568,0.8394293125089781,14.600491359621959,0.029792607713467246,False,insufficient_postpeak,,,,1.0017444155748767,0.029735116106791797,219
F-42,ST-34A,ST-34,ML,multistage,2nd,2,USABLE_REVIEW_X,template_axis,89.6,27.6,1.56,0.8,316.1,316.1,2.235294117647059,0.63201871657754,30.41860465116279,25.00717080909572,1.8758311226981628,40.66803606327136,0.043189161421960644,False,insufficient_postpeak,,,,0.9863672814755414,0.04318916142196064,153
F-42,ST-34A,ST-34,ML,multistage,3rd,3,USABLE_REVIEW_X,template_axis,89.6,55.2,1.56,0.73,351.2,347.2790697674419,1.9705882352941175,0.5762277388019423,35.893953488372325,30.474062280496394,1.6050854626952324,46.4280664073899,0.03907575955512536,True,fitted,0.8686937559891851,0.25581720724745827,0.0033174198926693333,0.9354240610266462,0.02549852083163892,320
F-43,ST-34B,ST-34,ML,multistage,1st,1,USABLE_REVIEW_X,template_axis,44.8,6.9,1.54,0.78,173.4,167.96511627906975,2.4261036468330137,0.31778690632081846,48.63709883720931,27.282433063013904,3.9567450278405656,35.42715864384142,0.057477604352157895,False,insufficient_postpeak,,,,0.9686569566266998,0.05553362004862742,177
F-43,ST-34B,ST-34,ML,multistage,2nd,2,USABLE_REVIEW_X,template_axis,89.6,6.9,1.57,0.77,254.0,260.2339534883721,3.777351247600768,0.5206633939444671,28.26293023255818,24.391958696744013,7.373968690134767,56.30898234960845,0.043561112137353634,False,insufficient_postpeak,,,,1.0086724043215527,0.04356111213735364,247
F-43,ST-34B,ST-34,ML,multistage,3rd,3,USABLE_REVIEW_X,template_axis,89.6,27.6,1.57,0.75,288.9,288.9,3.408829174664107,0.5945830667519726,25.989802325581415,24.294334648493546,5.5596230439567575,55.59313771086345,0.06277002858088422,False,insufficient_postpeak,,,,0.9953488372093023,0.062352021521048046,226
F-44,ST-79A,ST-79,ML,multistage,1st,1,USABLE_REVIEW_X,template_axis,89.6,27.6,1.71,0.82,319.5,336.81250977326033,3.756906077348066,1.5027815070767312,29.80623143080532,10.630287852739942,0.6177995977893,13.75831497652299,0.02929331859159081,False,insufficient_postpeak,,,,1.041948607639233,0.030222638652767718,263
F-44,ST-79A,ST-79,ML,multistage,2nd,2,USABLE_REVIEW_X,template_axis,62.1,56.2,1.71,0.77,357.2,357.2,2.1510128913443833,0.6399631675874771,33.51368256450352,27.907856115107908,1.7422327959612514,45.53787467564433,0.051987972767118834,False,insufficient_postpeak,,,,0.9929632525410478,0.05198797276711884,147
F-44,ST-79A,ST-79,ML,multistage,3rd,3,USABLE_REVIEW_X,template_axis,62.1,82.7,1.72,0.71,383.5,376.4703674745895,1.9152854511970536,0.7298206688403155,28.249241594996075,26.273577631706512,0.792674685525182,35.894949312606414,0.03804186120297693,True,fitted,9.521710441811384e-17,0.10138814710110829,0.010115233892183512,0.8935525533821342,0.03053262064980887,212
F-45,ST-79B,ST-79,ML,multistage,1st,1,USABLE_REVIEW_X,template_axis,144.8,13.8,1.63,0.9,288.6,281.7115281501341,3.285171102661597,1.097476790629199,44.378997989276144,13.148341835754977,0.9558105466274733,17.181659831945503,0.039254112823137094,False,insufficient_postpeak,,,,0.9576110705467272,0.03920043931018539,218
F-45,ST-79B,ST-79,ML,multistage,2nd,2,USABLE_REVIEW_X,template_axis,144.8,41.4,1.64,0.83,374.9,396.7856568364611,2.7528517110266155,0.4809059982994699,38.829658176943724,38.97851153091069,4.966015388666184,81.2488068373592,0.054434807822987555,False,insufficient_postpeak,,,,1.056700017234265,0.05452259256097382,186
F-45,ST-79B,ST-79,ML,multistage,3rd,3,USABLE_REVIEW_X,template_axis,131.0,89.6,1.64,0.63,469.1,469.1,3.7110266159695815,0.7148288973384025,22.29168230563011,32.81204787234045,4.633469921988288,71.2110424924629,0.05777353737559776,False,insufficient_postpeak,,,,0.9946380697050939,0.057656055253232,246
F-46,ST-80A,ST-80,ML,multistage,1st,1,USABLE_REVIEW_X,template_axis,144.8,27.6,1.66,0.87,409.1,404.7949074074074,4.285714285714286,1.5466461579616133,24.520879629629633,13.225390885112636,0.8578195921316184,17.734126553291052,0.010500445479877475,False,insufficient_postpeak,,,,0.9689924586038005,0.010500445479877472,286
F-46,ST-80A,ST-80,ML,multistage,2nd,2,USABLE_REVIEW_X,template_axis,144.8,69.0,1.68,0.65,500.6,505.72037037037035,2.5112781954887216,0.6759899633570466,46.52773148148156,37.02717696531771,2.0571599585960754,60.941646290818866,0.04142081932870233,False,insufficient_postpeak,,,,1.0014945028928248,0.04142081932870232,168
F-46,ST-80A,ST-80,ML,multistage,3rd,3,USABLE_REVIEW_X,template_axis,144.8,96.5,1.68,0.56,550.9,550.9,2.571428571428571,0.6917293233082704,50.06194444444488,39.8204891304348,2.1624908445117144,67.75285246494737,0.05136794917158558,False,insufficient_postpeak,,,,1.0,0.0493995268629505,186
F-47,ST-80B,ST-80,ML,multistage,1st,1,USABLE_REVIEW_X,template_axis,69.0,6.9,1.66,0.89,234.3,233.1972131147541,3.575091575091575,1.151228704413478,32.663053360112926,10.17608400058831,1.2102026607822007,14.484957169467894,0.02761111673368408,False,insufficient_postpeak,,,,0.9755192313297212,0.027248429890990813,252
F-47,ST-80B,ST-80,ML,multistage,2nd,2,USABLE_REVIEW_X,template_axis,124.1,6.9,1.66,0.89,297.9,288.0217234827923,1.3772893772893773,0.4612854397185257,44.786219737270656,32.290201938931475,0.963619005993249,42.471982397529565,0.029415747874802684,False,insufficient_postpeak,,,,0.9642482285344934,0.03023840406482351,103
F-47,ST-80B,ST-80,ML,multistage,3rd,3,USABLE_REVIEW_X,template_axis,124.1,55.2,1.67,0.72,389.9,408.48121105200306,2.578754578754579,0.6041632455636503,34.84445113179893,32.267768923632985,2.8412470777208414,58.07850998859605,0.0534608427086756,False,hardening_or_truncated,,,,1.043695456905026,0.0523028992672358,204
F-47,ST-80B,ST-80,ML,multistage,4th,4,USABLE_REVIEW_X,template_axis,165.5,55.2,1.68,0.72,468.8,471.0274834437086,1.655677655677656,0.5947683970155633,41.42725325697531,39.41029839113433,0.9235575304172198,54.46493568160812,0.029392762383794322,True,fitted,3.9424466776825926e-11,0.07469874972953933,0.017149185514198688,0.9141591132967964,0.025356174258083567,187
