x_norm,stage1_mean,stage1_p025,stage1_p975,stage2_mean,stage2_p025,stage2_p975,delta_mean,delta_p025,delta_p975
0.0,0.0,0.0,0.0,0.0,0.0,0.0,0.0,0.0,0.0
0.005,-0.023756741281234447,-0.02880302,-0.01884908,-0.019891043079068194,-0.029425908,-0.011822409,0.0038656982021662537,-0.0057769907,0.012645331
0.01,-0.022039768425937516,-0.026836641,-0.017948724,-0.018275258772293183,-0.026151255,-0.011616768,0.003764509653644334,-0.0036653243,0.010227448
0.015,-0.015050904212896883,-0.01882499,-0.011917121,-0.01258116812353317,-0.018727342,-0.0075566308,0.0024697360893637093,-0.0035232094,0.0070392443
0.02,-0.007620761021881485,-0.010528237,-0.005179153,-0.005713980674874986,-0.008743403,-0.0030985628,0.0019067803470064976,-0.0011361748,0.0046257195
0.025,0.003706992466412067,0.0022025981,0.0055727186,0.002570285666956711,0.001361461,0.003915662,-0.001136706799455356,-0.0024427297,0.00013327938
0.03,0.014469165010069547,0.010335749,0.019516598,0.013230956771532425,0.007294875,0.020519877,-0.0012382082385371167,-0.007351896,0.0048291623
0.035,0.023975030053232118,0.018321741,0.030745454,0.026889353947190022,0.015033174,0.04214794,0.0029143238939579046,-0.008268314,0.014782595
0.04,0.0338652176845452,0.026892094,0.042231336,0.041187828530913996,0.025838504,0.060701605,0.007322610846368805,-0.006007396,0.021967197
0.045,0.04338088250361741,0.035109792,0.053234227,0.05625819928995478,0.034632917,0.0847614,0.012877316786337372,-0.00509612,0.03401808
0.05,0.05320282700167108,0.04333851,0.065686785,0.06782975942469452,0.04254664,0.10034469,0.014626932423023431,-0.006087512,0.0379227
0.055,0.06455826672600938,0.053184737,0.07917211,0.08134975924504219,0.05227951,0.11767979,0.016791492519032777,-0.006658122,0.04251111
0.06,0.07418282143710551,0.062634155,0.08896116,0.09739845683097603,0.065208375,0.13573252,0.023215635393870504,-0.003414729,0.05159735
0.065,0.08169203470193726,0.06939629,0.097443484,0.11239445729141526,0.07614958,0.15649565,0.030702422589478022,0.00095660536,0.06316764
0.07,0.08904165930570959,0.07575377,0.10635485,0.1261911779671649,0.08702347,0.17349245,0.03714951866145533,0.005199745,0.071794145
0.075,0.09903928980947828,0.084335886,0.11768622,0.1411101881886885,0.0983304,0.19303623,0.042070898379210214,0.0059549585,0.080927946
0.08,0.10882616174166587,0.093685135,0.12781985,0.15666576022367573,0.1120035,0.20989853,0.04783959848200982,0.009455653,0.088456176
0.085,0.11770753471286263,0.101777524,0.1380627,0.17283144255925292,0.1247432,0.22972798,0.05512390784639027,0.013883365,0.098469295
0.09,0.12531347377286373,0.10912375,0.14589575,0.18780357351112575,0.13820411,0.24566004,0.06249009973826211,0.01845525,0.10796169
0.095,0.13337895859756477,0.11655042,0.15459199,0.20135083997720818,0.15009873,0.26061112,0.06797188137964341,0.02225931,0.11506537
0.1,0.14198782421104847,0.12397827,0.16419049,0.21546589692932244,0.16260487,0.27567357,0.07347807271827403,0.026602337,0.12160494
0.105,0.14950074959699255,0.13196474,0.17129141,0.22975317059592582,0.17597654,0.2905286,0.08025242099893332,0.031970166,0.12947552
0.11,0.15785000888772374,0.13997504,0.17960948,0.2433275868908789,0.18749428,0.30708858,0.08547757800315516,0.035181314,0.13745013
0.115,0.16705766803576372,0.14770731,0.18987998,0.25284047628553447,0.19683564,0.3167151,0.08578280824977076,0.035417847,0.13798977
0.12,0.1749831328973227,0.15491922,0.19883707,0.2661040772936085,0.2101318,0.32984945,0.09112094439628576,0.040943533,0.14236948
0.125,0.18333601202728544,0.16370851,0.20667863,0.28025558771279224,0.22411141,0.3438374,0.09691957568550678,0.046547554,0.14759997
0.13,0.1908913605472898,0.17031871,0.21511798,0.2932109011183315,0.23598391,0.35812137,0.10231954057104177,0.051587593,0.1537664
0.135,0.19879362736173933,0.17781624,0.2236065,0.3051203925304216,0.24705802,0.37084106,0.10632676516868228,0.055435896,0.15848407
0.14,0.20736110123374032,0.1865614,0.2325059,0.3174784532539435,0.2589402,0.38373676,0.11011735202020324,0.060024224,0.16170989
0.145,0.215846246788099,0.19511527,0.2410078,0.32999516158598413,0.27136153,0.396122,0.11414891479788511,0.064830825,0.16510946
0.15,0.22248379468945753,0.20150842,0.24792153,0.34111744167058994,0.282062,0.4075102,0.11863364698113231,0.068760805,0.17010592
0.155,0.22986670394389971,0.20862314,0.25534478,0.35163216532415414,0.29189098,0.4186016,0.12176546138025444,0.07133877,0.17400855
0.16,0.23700253166559238,0.21461233,0.26328635,0.3619995926373675,0.30220345,0.4285567,0.12499706097177514,0.07438201,0.17672287
0.165,0.24498320992298128,0.22174135,0.27160957,0.3711224716130095,0.3115375,0.43780288,0.1261392616900283,0.07540515,0.17821027
0.17,0.25331476697707356,0.22954161,0.2802896,0.38212600674407693,0.32214564,0.4486776,0.12881123976700334,0.07822888,0.18067782
0.17500000000000002,0.2598771657665762,0.23562105,0.2872436,0.3918041111793499,0.3318002,0.45881468,0.13192694541277364,0.08147078,0.18373048
0.18,0.2675003365886805,0.24345309,0.29480413,0.4004742703787507,0.34060147,0.4670618,0.13297393379007025,0.08290632,0.18432978
0.185,0.2749282548984773,0.25052816,0.30294606,0.41046286376552327,0.35153076,0.47618917,0.135534608867046,0.08690728,0.18548009
0.19,0.2826454354532824,0.25835213,0.31061247,0.4204388664017896,0.36176276,0.4856525,0.13779343094850727,0.090266146,0.18638985
0.195,0.2885603270477623,0.26422375,0.31657848,0.43149654387299924,0.372105,0.49674663,0.14293621682523694,0.0952504,0.19182752
0.2,0.29393531313526694,0.26948965,0.32181412,0.4393065195663468,0.37995854,0.504558,0.1453712064310798,0.09767297,0.19442967
0.20500000000000002,0.3000195661408251,0.27571952,0.32780886,0.44965605677509274,0.38948584,0.51585287,0.1496364906342678,0.101139374,0.19948567
0.21,0.30611298857174307,0.28203595,0.33375403,0.4603072688807909,0.40016973,0.52585864,0.1541942803090478,0.10558852,0.20368941
0.215,0.31337223542443804,0.28939033,0.3407932,0.4701565833171226,0.40956783,0.536409,0.15678434789268467,0.10755293,0.2069915
0.22,0.3194861062621899,0.29530406,0.34683737,0.47666491201076966,0.41745928,0.54159325,0.15717880574857993,0.10872497,0.20642366
0.225,0.32592542607048725,0.30146924,0.3531521,0.485287276593344,0.4260393,0.55033726,0.15936185052285678,0.11002314,0.2092016
0.23,0.33357182243868017,0.30805224,0.36188957,0.49219536460957397,0.43351254,0.5563281,0.15862354217089375,0.109628886,0.2081261
0.23500000000000001,0.34109763865872844,0.3149931,0.37044767,0.5007147578000495,0.4418545,0.5651026,0.15961711914132107,0.111197785,0.2084082
0.24,0.3488488602342088,0.32250747,0.3788678,0.5080343258493873,0.44991365,0.5720494,0.15918546561517866,0.11112907,0.20726825
0.245,0.35512490200869123,0.3284256,0.38562405,0.516455287479415,0.45918885,0.5796189,0.1613303854707237,0.11389314,0.20848641
0.25,0.3610188422045617,0.3341292,0.39174795,0.5234112888619716,0.4667498,0.5851682,0.16239244665740993,0.11541507,0.2088447
0.255,0.36729072310332667,0.34036714,0.398094,0.5295612262153168,0.47367957,0.5902902,0.1622705031119901,0.11573534,0.2080766
0.26,0.37337575442252185,0.3460618,0.40450275,0.5382500583413408,0.48317268,0.59796774,0.16487430391881885,0.11930308,0.20991583
0.265,0.3789587596210132,0.3517744,0.40999532,0.5466161002301567,0.49226072,0.60540164,0.16765734060914358,0.12285806,0.2121117
0.27,0.38564194974131755,0.35883364,0.41610065,0.5545938250647571,0.49953097,0.614015,0.16895187532343958,0.123685405,0.21386108
0.275,0.3921020620096216,0.3654656,0.4225622,0.5615575063607252,0.5065078,0.6202667,0.16945544435110355,0.12410318,0.21404245
0.28,0.3981519703708554,0.37152088,0.42875543,0.568505038270271,0.51305676,0.627403,0.17035306789941565,0.1254612,0.21436056
0.28500000000000003,0.4054339633619196,0.37837687,0.4367353,0.5760569257512443,0.5203855,0.6352564,0.17062296238932464,0.12526202,0.21495172
0.29,0.41231745227567834,0.38445878,0.44440502,0.5819147358777358,0.5268186,0.6402259,0.16959728360205747,0.12474984,0.21329544
0.295,0.4185661026589946,0.39030823,0.45097733,0.5898418954286352,0.5351186,0.6481173,0.17127579276964056,0.12689051,0.21457319
0.3,0.42548879309385046,0.39698428,0.4578416,0.596882001119239,0.5423308,0.65522915,0.1713932080253885,0.12731653,0.21438369
0.305,0.43230019462319114,0.40339443,0.46446952,0.6030576665469567,0.5491175,0.66095865,0.17075747192376556,0.12677129,0.2136504
0.31,0.4385521664216785,0.40950936,0.47061092,0.612188278206214,0.5593525,0.6690278,0.17363611178453556,0.12981637,0.21608035
0.315,0.4453778294083786,0.41628638,0.47713855,0.6217857259455457,0.5690971,0.678044,0.1764078965371669,0.13273934,0.21889037
0.32,0.45190292609787147,0.42283195,0.4833351,0.6279769636962856,0.5759773,0.6832998,0.17607403759841422,0.13212198,0.21904448
0.325,0.4570597701776536,0.4278305,0.4885898,0.6341724949461778,0.5827014,0.6891085,0.17711272476852435,0.13331889,0.22000742
0.33,0.46241150741447057,0.43292683,0.49443248,0.6406736555334633,0.58990234,0.6947772,0.17826214811899269,0.13528715,0.22047697
0.335,0.4695806182386031,0.439133,0.5026198,0.6452697142228575,0.59455913,0.69898295,0.1756890959842545,0.13300666,0.21728227
0.34,0.4768522924471037,0.44608116,0.5103848,0.6511077600865939,0.6005693,0.70424753,0.17425546763949018,0.13238902,0.21471009
0.34500000000000003,0.48320114145154913,0.45220605,0.5171481,0.6577854596661638,0.60812426,0.7097159,0.17458431821461462,0.13284607,0.21448518
0.35000000000000003,0.4900067128548236,0.45878154,0.523768,0.6636455469934129,0.61510533,0.7142616,0.17363883413858927,0.1318544,0.2134395
0.355,0.4965897163465547,0.46528217,0.5303368,0.6690124628780548,0.6216751,0.71834695,0.1724227465315,0.13153578,0.21146613
0.36,0.5021750094408415,0.4710709,0.5356615,0.6759571019051598,0.6290731,0.7244176,0.17378209246431844,0.13282934,0.21286954
0.365,0.5071559877148135,0.4764583,0.54024357,0.6810578180752818,0.63417923,0.72928464,0.17390183036046805,0.13245407,0.21339276
0.37,0.5113995633879277,0.48122132,0.5440506,0.6862529719974453,0.6394991,0.7339124,0.1748534086095174,0.13312398,0.21500851
0.375,0.5159535386510328,0.4862816,0.5480768,0.6926284063859719,0.6472923,0.7389115,0.1766748677349391,0.13586491,0.21608962
0.38,0.5216124879997,0.4919588,0.5537184,0.6994385958466162,0.6551753,0.7441453,0.1778261078469162,0.137923,0.216505
0.385,0.5289060186154122,0.49943098,0.5609017,0.7056848093237985,0.6622049,0.749751,0.17677879070838629,0.13729787,0.21532093
0.39,0.5345840632522312,0.50559574,0.56609577,0.711132401930455,0.6682571,0.754772,0.17654833867822395,0.13738753,0.21478991
0.395,0.5398109894011885,0.5109911,0.57098126,0.7151744895875906,0.6728105,0.75818,0.17536350018640198,0.13629603,0.21363737
0.4,0.5448848248942488,0.5160017,0.5758896,0.7201118016479573,0.6775375,0.7635622,0.17522697675370857,0.13651225,0.21302998
0.405,0.5493647098181217,0.5208388,0.5798798,0.7261332527866089,0.68424463,0.7686489,0.17676854296848732,0.13816047,0.2144022
0.41000000000000003,0.5549290159849481,0.5263993,0.5852024,0.7327460977919021,0.6917137,0.77431715,0.17781708180695383,0.13935493,0.21521522
0.41500000000000004,0.5607294228311644,0.532183,0.5903804,0.7389514979646122,0.6984839,0.78015494,0.17822207513344773,0.14081281,0.21485312
0.42,0.5674085486817922,0.5390168,0.5962595,0.7447251396737805,0.70503116,0.7853239,0.17731659099198827,0.13982709,0.2137283
0.425,0.572837927766025,0.5444205,0.60146964,0.7508372745475794,0.71147186,0.7907443,0.17799934678155438,0.14075936,0.21399094
0.43,0.5782021861876238,0.55002564,0.60644823,0.7563015873909783,0.71732,0.79562175,0.17809940120335466,0.14143702,0.21371688
0.435,0.5836399812170049,0.5559686,0.61130464,0.7604501371509176,0.72136605,0.799436,0.17681015593391278,0.13933985,0.21323293
0.44,0.5898502280939592,0.5626406,0.61677134,0.7639428780220371,0.72503126,0.8025975,0.17409264992807805,0.13550344,0.21158363
0.445,0.5952913569544467,0.56828225,0.6220531,0.7675181879458922,0.7288408,0.8058816,0.17222683099144573,0.1326145,0.21046765
0.45,0.5998198195008493,0.572756,0.62657964,0.7720906682667119,0.73403645,0.8096906,0.17227084876586268,0.1328698,0.21061693
0.455,0.6045469228457541,0.577516,0.63128424,0.7781907742294091,0.7409372,0.8148217,0.17364385138365515,0.1348776,0.211938
0.46,0.6100270538422387,0.5825383,0.6371479,0.7828782068144583,0.7461024,0.8191565,0.17285115297221967,0.13303687,0.21257341
0.465,0.6148527506696514,0.5873228,0.64196306,0.786973661590808,0.75125396,0.8219839,0.17212091092115658,0.13227144,0.21151757
0.47000000000000003,0.6192246789968026,0.59223807,0.645871,0.7927547037518463,0.757765,0.8268414,0.17353002475504373,0.13374178,0.21287969
0.47500000000000003,0.62397585117186,0.5970991,0.6504596,0.7975102986176013,0.76280636,0.8313432,0.17353444744574117,0.13385601,0.21275753
0.48,0.6300780471248458,0.60304683,0.65693784,0.8010297958396646,0.76620907,0.83483297,0.1709517487148186,0.13089517,0.21040511
0.485,0.6346532421307853,0.6074938,0.6616503,0.8059561195131502,0.771033,0.83946025,0.17130287738236472,0.1314947,0.21086964
0.49,0.6392858197433072,0.6124082,0.6660756,0.8115670311044031,0.77725625,0.8446597,0.17228121136109575,0.13287999,0.21155085
0.495,0.644148177676461,0.61720663,0.6708564,0.816851957861476,0.7822584,0.8501055,0.172703780185015,0.13298924,0.21249856
0.5,0.6493825234800595,0.6227541,0.67580783,0.8205372114004335,0.786083,0.8533619,0.1711546879203737,0.13214546,0.21001753
0.505,0.6535051942795455,0.6272935,0.67957556,0.8280178236833877,0.7937852,0.86007255,0.17451262940384243,0.13636807,0.21262684
0.51,0.6578338871435201,0.6320797,0.6835353,0.8323253139311826,0.7990606,0.8634939,0.17449142678766238,0.13719825,0.21169278
0.515,0.6629572198559023,0.63727975,0.688765,0.8347296473462962,0.8017678,0.86557347,0.17177242749039387,0.13388239,0.2094117
0.52,0.668450642866468,0.64271116,0.69445974,0.8371655590725848,0.80444634,0.86771053,0.16871491620611698,0.13028151,0.20677325
0.525,0.6729865930931986,0.6472454,0.6989057,0.8402806910556297,0.8083755,0.87048733,0.1672940979624312,0.12920277,0.2051658
0.53,0.6772519337617385,0.6516603,0.7030223,0.8452488575792962,0.8146576,0.8741138,0.16799692381755782,0.13047358,0.20542435
0.535,0.6816692953304101,0.65645117,0.70719856,0.8506365681721917,0.8211837,0.87843126,0.1689672728417816,0.13282627,0.20477302
0.54,0.6874441021071048,0.6625785,0.7128553,0.8543218195858198,0.82515585,0.88163954,0.16687771747871483,0.13137984,0.20203868
0.545,0.6935235579064898,0.668481,0.7191857,0.8567939892331806,0.8279185,0.8837956,0.1632704313266907,0.12776834,0.19845323
0.55,0.6988230049827139,0.6740612,0.72423214,0.8606420120838183,0.8325428,0.8869078,0.16181900710110458,0.12698518,0.19656906
0.555,0.702493471753012,0.6779465,0.7277941,0.8635889485462989,0.8357202,0.88944244,0.16109547679328698,0.12724438,0.19475202
0.56,0.7070195224197126,0.6826744,0.7321601,0.8659985056871,0.83824354,0.8917541,0.1589789832673875,0.12556162,0.19195533
0.5650000000000001,0.7123161126246649,0.6886703,0.7370129,0.8682142277036462,0.84092104,0.89333564,0.15589811507898144,0.123059094,0.18823867
0.5700000000000001,0.7166879355008251,0.69343245,0.7409972,0.8711744914518356,0.84421086,0.89576393,0.1544865559510106,0.122180454,0.18636045
0.5750000000000001,0.7219691493345689,0.69842374,0.7464,0.8742648266756328,0.8479416,0.8982493,0.15229567734106386,0.12027244,0.1842352
0.58,0.7270111891945733,0.70380545,0.75101006,0.876855432389256,0.8505147,0.9005738,0.14984424319468276,0.11804851,0.18151687
0.585,0.7319269846967379,0.7093743,0.7551129,0.880299751457373,0.85384804,0.90410304,0.14837276676063502,0.11749356,0.1791085
0.59,0.7365853261231385,0.7144135,0.75934666,0.8824651910273935,0.8559808,0.906295,0.14587986490425514,0.11498904,0.17635383
0.595,0.7408164586461152,0.7186595,0.7637653,0.885623025174797,0.85919756,0.90923244,0.14480656652868187,0.11316039,0.17604315
0.6,0.7455199862303585,0.72298336,0.7689505,0.8882675580461606,0.86216354,0.9117796,0.1427475718158021,0.111014314,0.17392744
0.605,0.7506968216229483,0.72841746,0.77398044,0.891224937622161,0.8652877,0.91468686,0.14052811599921272,0.10869658,0.17174336
0.61,0.7550362381324376,0.73252374,0.77834255,0.8944164381547322,0.86924976,0.91728586,0.13938020002229448,0.1077866,0.17045651
0.615,0.7593831511219243,0.7371355,0.78219855,0.8970394261892655,0.8724387,0.9193331,0.13765627506734113,0.106070094,0.16897443
0.62,0.7635095805471273,0.7412605,0.7863505,0.8992737847530216,0.8749523,0.9213293,0.13576420420589427,0.104091346,0.16716605
0.625,0.7679083512106082,0.7455603,0.790862,0.9010306303363499,0.8770651,0.92288625,0.13312227912574134,0.10129201,0.16420048
0.63,0.7724939929866997,0.7503661,0.795101,0.9034264361344797,0.88028014,0.92463493,0.13093244314777963,0.099791385,0.16132769
0.635,0.7767920109879421,0.7548816,0.7990693,0.9073343799311248,0.88549453,0.92744917,0.13054236894318227,0.10075608,0.15985544
0.64,0.7813735134086323,0.75962055,0.80359787,0.9116671961243803,0.8901664,0.93132627,0.13029368271574798,0.10125643,0.15887657
0.645,0.7859157799704581,0.76490873,0.80750555,0.9145033781705004,0.89280313,0.9343524,0.12858759820004226,0.1006621,0.15616283
0.65,0.7895226456511024,0.7693019,0.8103012,0.9159053915507338,0.8944696,0.93528354,0.12638274589963136,0.09931221,0.15312964
0.655,0.7925286362265497,0.7724437,0.8130059,0.9187720474483686,0.8979775,0.9373277,0.12624341122181892,0.09995067,0.15228915
0.66,0.7958420912535473,0.7759963,0.8160318,0.9212562776277302,0.90102667,0.9393544,0.12541418637418303,0.09956119,0.15120043
0.665,0.8003627002368857,0.780841,0.8203217,0.9236857920655335,0.90361065,0.941795,0.12332309182864762,0.09783278,0.14906558
0.67,0.8050420268558381,0.7859862,0.8245332,0.9255484049876738,0.90579945,0.94363385,0.1205063781318352,0.095935814,0.14532334
0.675,0.8086169321939329,0.79000616,0.8277248,0.9275689886963997,0.9084147,0.9451803,0.11895205650246653,0.09465034,0.14352153
0.68,0.8119621965167041,0.79371315,0.83070797,0.9302069438422286,0.9119005,0.94698435,0.11824474732552408,0.09433422,0.14221507
0.685,0.8156146898589831,0.79744077,0.834395,0.932088234753754,0.91348606,0.9491422,0.11647354489477063,0.09217942,0.14050391
0.6900000000000001,0.8193646937824083,0.8010303,0.83818597,0.9330773334685103,0.91465145,0.95005083,0.1137126396861019,0.08988709,0.1375476
0.6950000000000001,0.8226831087454213,0.8041934,0.84149384,0.9351890148793321,0.91734695,0.95159715,0.11250590613391087,0.08952546,0.13581908
0.7000000000000001,0.8264617749604044,0.80815744,0.8452051,0.9369350223986633,0.9196864,0.95286894,0.11047324743825888,0.088040784,0.1334165
0.705,0.8304326025340976,0.812192,0.8491265,0.9388764077663291,0.9220376,0.95444334,0.10844380523223168,0.08599041,0.13144873
0.71,0.8344079312719446,0.8160501,0.8532323,0.9398877859794068,0.9231644,0.95518684,0.10547985470746221,0.08299554,0.12876461
0.715,0.8381277904902087,0.81972003,0.856863,0.9410397496157368,0.9243306,0.9561912,0.10291195912552818,0.08039263,0.1262964
0.72,0.8412090952921132,0.8226981,0.8598799,0.9423704707471889,0.92600715,0.9571899,0.10116137545507582,0.07863019,0.124562085
0.725,0.8446017199595318,0.8258221,0.8634152,0.9437248171230797,0.9274214,0.95837164,0.09912309716354778,0.076775365,0.12242041
0.73,0.8488002842426539,0.8299234,0.8677065,0.9450541083637874,0.9287621,0.95974344,0.09625382412113344,0.074227296,0.11944959
0.735,0.852866847232252,0.8338335,0.87194455,0.9467426750964221,0.93061537,0.9612803,0.09387582786416997,0.07171142,0.11727436
0.74,0.8572451028483864,0.8385453,0.87611735,0.949204282641146,0.9338273,0.96313053,0.09195917979275972,0.07034837,0.11454095
0.745,0.8618733921061354,0.843936,0.88026196,0.9509359807862935,0.9361578,0.9642909,0.08906258868015812,0.068256356,0.110345446
0.75,0.8667884117523297,0.84979606,0.88456124,0.9517943943674116,0.9370932,0.96504444,0.08500598261508216,0.064987354,0.10503574
0.755,0.8706745230176834,0.85396016,0.8881462,0.9533002200986915,0.9385867,0.9664689,0.08262569708100824,0.063163586,0.102096274
0.76,0.8746256587896782,0.8586635,0.8916555,0.954634470711754,0.9402695,0.9674736,0.08000881192207572,0.061778765,0.09811728
0.765,0.8779725974942656,0.8624235,0.8946263,0.9561340458429611,0.9421544,0.9685203,0.07816144834869544,0.060512967,0.095829256
0.77,0.8817573324242136,0.86650825,0.89799464,0.9577091240111607,0.94396544,0.9697903,0.07595179158694705,0.058584772,0.09318553
0.775,0.8853310127112807,0.87017447,0.90146434,0.9586872076660841,0.9450438,0.9706679,0.07335619495480336,0.05603094,0.090284996
0.78,0.8879621470356616,0.8730754,0.90392566,0.9595711607230791,0.94586295,0.97157073,0.07160901368741729,0.054240268,0.08853744
0.785,0.890812360914503,0.87642944,0.90628093,0.9608780748463153,0.9470437,0.9729542,0.07006571393181217,0.05296411,0.08683589
0.79,0.8931181669746364,0.87871224,0.90851045,0.9620019564938436,0.9480907,0.9740896,0.0688837895192069,0.05163514,0.085857294
0.795,0.8959389146718214,0.88163716,0.9111702,0.9633001554819356,0.9495574,0.97511417,0.06736124081011402,0.0500725,0.08449018
0.8,0.8990154210153793,0.88494843,0.91394037,0.9645378953543108,0.95074135,0.976515,0.06552247433893105,0.0485676,0.08231961
0.805,0.9024914541984269,0.8884866,0.9171943,0.9657386175963527,0.9525125,0.9772315,0.06324716339792563,0.046671677,0.0796854
0.81,0.9051446345359427,0.8910586,0.9198371,0.9666867903044076,0.9540076,0.97769034,0.061542155768464744,0.04509463,0.07778555
0.8150000000000001,0.9080200580652574,0.89398336,0.922593,0.9679265029867948,0.95585227,0.97848856,0.059906444921537155,0.043792505,0.07582863
0.8200000000000001,0.9112254088798059,0.89725727,0.9257467,0.9690787586739512,0.9574902,0.9792499,0.05785334979414521,0.04216268,0.0733744
0.8250000000000001,0.9139837489244927,0.90030324,0.9280916,0.9695524093127741,0.9579822,0.97973907,0.055568660388281566,0.04008797,0.07096187
0.8300000000000001,0.9162730233713048,0.90249205,0.93041736,0.9701997969974444,0.95854115,0.9805015,0.053926773626139644,0.038271587,0.069631316
0.835,0.9183611454124172,0.90414417,0.9327537,0.9710927698049091,0.95931923,0.9814057,0.052731624392492044,0.0369139,0.068517126
0.84,0.9200348516142937,0.9052965,0.9346708,0.9718386264191626,0.9598711,0.98219377,0.05180377480486898,0.035563402,0.06804877
0.845,0.9213168423264229,0.90625596,0.936093,0.9726678422134749,0.9608378,0.983039,0.051350999887051996,0.035150263,0.06766296
0.85,0.9231006109284549,0.90776336,0.9379851,0.9740077469532946,0.962446,0.9843083,0.05090713602483984,0.03490456,0.06715182
0.855,0.9247593046966551,0.90926754,0.93980294,0.9755965765778493,0.96439564,0.98564947,0.05083727188119427,0.03504452,0.06702378
0.86,0.9266031086652556,0.9109027,0.94177496,0.9771074989802755,0.9663048,0.98719823,0.05050439031502002,0.03489148,0.06649368
0.865,0.9287713799051416,0.9131004,0.9440262,0.9782560959557564,0.9678836,0.9880169,0.0494847160506149,0.033563968,0.0658823
0.87,0.9314819790252239,0.9161026,0.9465532,0.9799605821048887,0.96988475,0.98942643,0.04847860307966454,0.032099243,0.0656216
0.875,0.9341234572259197,0.91907245,0.9489412,0.9810526003037009,0.97118556,0.9904272,0.046929143077781336,0.030831378,0.06360166
0.88,0.9375098472521616,0.92301446,0.9517956,0.982548186277776,0.9729471,0.9917342,0.0450383390256145,0.029697837,0.060561262
0.885,0.9406430887749383,0.9265879,0.95453775,0.9835909640401197,0.97418875,0.9925892,0.042947875265181755,0.028180445,0.057941653
0.89,0.9433202147142469,0.92948085,0.9569485,0.9849752381435837,0.97537655,0.99408334,0.04165502342933681,0.02689036,0.0570467
0.895,0.9461794159051176,0.93253213,0.9594206,0.9855915762111369,0.97591025,0.9946992,0.03941216030601946,0.025176266,0.054586694
0.9,0.9487451406974474,0.9352941,0.9617343,0.9863808324963806,0.9764957,0.995613,0.037635691798932995,0.023469724,0.052769937
0.905,0.9517532750536498,0.93892163,0.96404904,0.9866929646350443,0.97686607,0.9958005,0.03493968958139468,0.02166005,0.049152225
0.91,0.9556923850375141,0.9446104,0.96660805,0.9872800680733724,0.9774168,0.9963953,0.03158768303585836,0.01960929,0.04383622
0.915,0.9582554709300148,0.947933,0.96847403,0.9880064745225349,0.9781305,0.9971396,0.02975100359252015,0.018077672,0.041805524
0.92,0.9607277606985976,0.9510412,0.97029924,0.9885230304631494,0.9794124,0.9969808,0.02779526976455178,0.016726246,0.03937825
0.925,0.9629901949313143,0.95415276,0.9718399,0.9891814728983247,0.98067915,0.997212,0.026191277967010547,0.015727915,0.03704365
0.93,0.9648135628450211,0.95684385,0.97290814,0.9897711501755349,0.98179543,0.99730366,0.02495758733051399,0.015185603,0.03500717
0.935,0.9668582571392713,0.9594108,0.9745165,0.9898342821764182,0.9820625,0.9971633,0.022976025037147116,0.013296191,0.032963987
0.9400000000000001,0.9687715507569994,0.96139073,0.97628725,0.9907296277993117,0.983257,0.99785393,0.021958077042312604,0.012161518,0.0319002
0.9450000000000001,0.9709819081983279,0.9636598,0.9783399,0.9915686662458967,0.98406583,0.9988047,0.02058675804756903,0.010985088,0.030359268
0.9500000000000001,0.9725645402383226,0.965403,0.9797441,0.9922966495203157,0.9851427,0.9991781,0.01973210928199289,0.010406892,0.029121177
0.9550000000000001,0.9740709830496781,0.9669895,0.98115635,0.9928767645358708,0.9858034,0.9997069,0.018805781486192528,0.009589622,0.028042644
0.96,0.9761991875248768,0.9690922,0.98320735,0.9937375659551813,0.9865299,1.0007468,0.017538378430304202,0.008204952,0.026832582
0.965,0.9784074502378406,0.97155946,0.9850652,0.9942904105535355,0.98688847,1.0015267,0.015882960315694954,0.0065451856,0.025197204
0.97,0.9811204122259256,0.9745384,0.9875411,0.9947625259212595,0.98726183,1.0021487,0.013642113695333913,0.0043626516,0.022908937
0.975,0.9836268259981211,0.9772441,0.9899077,0.9961002518601497,0.9882374,1.0040566,0.012473425862028696,0.0029135258,0.02199937
0.98,0.9867401537891671,0.98072505,0.9930155,0.9967940258804315,0.9891214,1.004546,0.010053872091264416,0.0010011833,0.018904582
0.985,0.9897011890243027,0.9842656,0.9954829,0.9979701398404488,0.9908367,1.0053992,0.008268950816146358,8.252065e-05,0.016361076
0.99,0.9923241478385137,0.9869781,0.9979936,1.0001569841634943,0.99380296,1.0069869,0.007832836324980516,-0.00046186367,0.015936894
0.995,0.9953566764076734,0.9903842,1.0009336,1.0021177763274818,0.9970058,1.0079137,0.006761099919808488,-0.0006225554,0.0139072975
1.0,1.0,1.0,1.0,1.0,1.0,1.0,0.0,0.0,0.0
