model,tube_id,specimen_id,stage,stage_index,soil_type,test_family,strain_confidence,eps_obs,eps_pred,lambda_obs,lambda_pred,protocol_group,log_eps_obs,log_eps_pred,eps_log_residual,log1p_lambda_obs,log1p_lambda_pred,lambda_log_residual,joint_absolute_shape_error
StateInteraction,ST-114,ST-114B,single,1,SC,single_stage,high_tick_calibrated,8.1453154875717,5.801423730841309,4.8539267088666485,2.455074871826728,other,2.097442975198493,1.7581033582640462,0.3393396169344469,1.76711266835303,1.2398441275569652,0.5272685407960649,0.4333040788652559
StateInteraction,ST-116,ST-116E,single,1,SC,single_stage,high_tick_calibrated,11.566539923954371,8.053279966362265,2.959998017471398,1.9115051048668317,other,2.4481164406414737,2.0860794576831205,0.3620369829583532,1.376243524627728,1.0686701656394841,0.3075733589882439,0.33480517097329854
StateInteraction,ST-124,ST-124,single,1,MH,single_stage,high_tick_calibrated,11.518164435946462,5.504442838693921,4.883285495342041,2.664020474357382,other,2.4439253054148065,1.7055555550060433,0.7383697504087632,1.7721153635748026,1.298561034775906,0.4735543287988966,0.6059620396038299
StateInteraction,ST-30,ST-30,1st,1,ML,multistage,template_axis,1.696060037523452,3.1571629562969887,1.6491763454832764,2.2059884272682972,multistage_stage1,0.5283079362263319,1.1496738256960444,-0.6213658894697125,0.9742487786605728,1.1650204444703962,-0.1907716658098234,0.40606877763976795
StateInteraction,ST-30,ST-30,2nd,2,ML,multistage,template_axis,1.425891181988743,2.438188545261581,3.2244432717467917,2.6023931176241635,multistage_later,0.3547970091145322,0.8912553641071869,-0.5364583549926547,1.4408874821259485,1.281598379505999,0.15928910261994944,0.3478737288063021
StateInteraction,ST-30,ST-30,3rd,3,ML,multistage,template_axis,4.352720450281426,2.9450621167944697,6.9593164574219495,2.4616441532603885,multistage_later,1.470801040494511,1.0801299091712533,0.3906711313232578,2.0743431239858925,1.2417436650067677,0.8325994589791248,0.6116352951511913
StateInteraction,ST-34,ST-34A,1st,1,ML,multistage,template_axis,3.191176470588235,3.082448661921346,0.8394293125089781,1.897731315861235,multistage_stage1,1.1603896483643528,1.1257243012287326,0.034665347135620195,0.6094553672673778,1.063928125956849,-0.4544727586894711,0.24456905291254566
StateInteraction,ST-34,ST-34A,2nd,2,ML,multistage,template_axis,2.235294117647059,2.933260074838018,1.8758311226981628,2.089759120559497,multistage_later,0.8043728156701697,1.0761144580171442,-0.2717416423469745,1.056341718627845,1.1280931333595536,-0.07175141473170865,0.17174652853934158
StateInteraction,ST-34,ST-34A,3rd,3,ML,multistage,template_axis,1.9705882352941175,2.620895033494453,1.6050854626952324,2.3786150970155027,multistage_later,0.6783320947748046,0.9635158752731783,-0.2851837804983737,0.9574654818438593,1.2174658909199676,-0.26000040907610833,0.272592094787241
StateInteraction,ST-34,ST-34B,1st,1,ML,multistage,template_axis,2.4261036468330137,2.4600260551955446,3.9567450278405656,2.008933784401063,multistage_stage1,0.886286532953436,0.9001719414310858,-0.013885408477649852,1.6007492809272539,1.10158579155701,0.4991634893702439,0.2565244489239469
StateInteraction,ST-34,ST-34B,2nd,2,ML,multistage,template_axis,3.777351247600768,2.9117140620409256,7.373968690134767,1.9161584429126783,multistage_later,1.3290230358588317,1.0687419325327419,0.2602811033260899,2.1251279286521503,1.0702671483742172,1.054860780277933,0.6575709418020115
StateInteraction,ST-34,ST-34B,3rd,3,ML,multistage,template_axis,3.408829174664107,2.757754667754221,5.5596230439567575,2.108094777319373,multistage_later,1.2263688817987484,1.0144168224610521,0.21195205933769623,1.880933138493477,1.134009926673452,0.7469232118200251,0.47943763557886065
StateInteraction,ST-36,ST-36,single,1,MH,single_stage,template_axis,3.81021897810219,2.7858679666763413,3.627790225091772,3.868055156523352,other,1.3376866620545138,1.0245594825175564,0.31312717953695746,1.5320794809687162,1.5826945054890607,-0.0506150245203445,0.18187110202865098
StateInteraction,ST-37,ST-37A,1st,1,MH,multistage,template_axis,2.564102564102564,3.094892998658085,6.672003767195702,3.257418448745275,multistage_stage1,0.9416085398584448,1.1297533332152023,-0.1881447933567575,2.0375778286127817,1.44866297864319,0.5889148499695918,0.3885298216631746
StateInteraction,ST-37,ST-37A,2nd,2,MH,multistage,template_axis,1.8608058608058609,3.028916861322106,4.10143687937546,3.503327027069402,multistage_later,0.6210096523935222,1.1082050841022504,-0.48719543170872814,1.6295222411027341,1.5048164629483323,0.12470577815440187,0.305950604931565
StateInteraction,ST-37,ST-37B,1st,1,MH,multistage,template_axis,2.298507462686567,3.3559449242078654,0.4215882052684649,3.378324219602039,multistage_stage1,0.8322599830226631,1.21073337732842,-0.37847339430575677,0.35177470102342506,1.4766660529145903,-1.1248913518911652,0.751682373098461
StateInteraction,ST-37,ST-37B,2nd,2,MH,multistage,template_axis,4.447761194029851,3.204289318512182,19.886564797092525,3.59849326888082,multistage_later,1.4924008671144384,1.1644903242904945,0.32791054282394394,3.039106119590253,1.5257286995954513,1.5133774199948018,0.9206439814093729
StateInteraction,ST-38,ST-38A,1st,1,MH,multistage,template_axis,3.123388581952118,3.3491670155873776,1.2496247645913257,3.4300057421789565,multistage_stage1,1.1389184964179129,1.2087116628544559,-0.06979316643654299,0.8107634310157062,1.4884008802591289,-0.6776374492434226,0.3737153078399828
StateInteraction,ST-38,ST-38A,2nd,2,MH,multistage,template_axis,1.6206261510128912,3.263721448716575,0.4890032749721647,4.101717706346477,multistage_later,0.48281258753831663,1.18286809299342,-0.7000555054551034,0.3981069531434859,1.6295772881901283,-1.2314703350466423,0.9657629202508728
StateInteraction,ST-38,ST-38B,1st,1,MH,multistage,template_axis,3.02367941712204,5.1048406392870405,2.3016770387936343,2.730687833450924,multistage_stage1,1.1064744398410582,1.6301892345352653,-0.5237147946942071,1.194430532959641,1.3165926224059916,-0.12216208944635065,0.3229384420702789
StateInteraction,ST-38,ST-38B,2nd,2,MH,multistage,template_axis,4.772313296903461,3.497229924797765,10.112043339491516,3.639225423224077,multistage_later,1.562831155245612,1.2519712050756384,0.3108599501699736,2.408029505686654,1.534547417653041,0.8734820880336129,0.5921710191017933
StateInteraction,ST-39,ST-39A,1st,1,MH,multistage,template_axis,2.6867924528301885,3.8132348699986185,1.9610426945079364,3.2455565167876697,multistage_stage1,0.9883480854257535,1.3384778761456213,-0.35012979071986783,1.0855414679644844,1.4458729105315933,-0.3603314425671089,0.3552306166434884
StateInteraction,ST-39,ST-39A,2nd,2,MH,multistage,template_axis,1.9169811320754715,3.4820984524882292,4.66495355862502,3.4707131846147186,multistage_later,0.6507516215922595,1.2476351156413443,-0.5968834940490848,1.734298696498444,1.497547945029678,0.2367507514687659,0.41681712275892535
StateInteraction,ST-39,ST-39B,1st,1,MH,multistage,template_axis,1.922365988909427,3.9758678230812974,1.4067517893306432,3.190997252444838,multistage_stage1,0.6535567132889368,1.3802430445499172,-0.7266863312609804,0.8782780331391062,1.4329387133580949,-0.5546606802189886,0.6406735057399845
StateInteraction,ST-39,ST-39B,2nd,2,MH,multistage,template_axis,4.273567467652495,3.4764680299980153,6.966261665786128,3.5852715460010627,multistage_later,1.4524489509457865,1.2460168444835904,0.20643210646219612,2.075215332046503,1.522849328818623,0.5523660032278803,0.3793990548450382
StateInteraction,ST-40,ST-40,single,1,MH,single_stage,high_tick_calibrated,6.146892655367233,3.8178147551211823,8.971136384189133,2.75046680216518,other,1.815946694842059,1.3396782053001783,0.4762684895418807,2.2996945578384724,1.3218803128126366,0.9778142450258358,0.7270413672838583
StateInteraction,ST-42,ST-42,single,1,MH,single_stage,template_axis,11.37313432835821,5.423413166714317,3.2681003689619574,2.295771109763525,other,2.4312539362956804,1.6907253528074713,0.7405285834882092,1.4511688497895083,1.1926401647825204,0.2585286850069879,0.4995286342475985
StateInteraction,ST-43,ST-43,single,1,MH,single_stage,high_tick_calibrated,5.506692160611855,5.610651581379192,2.261567493320885,1.9428552015022975,other,1.7059641090650688,1.7246668592035357,-0.018702750138466895,1.1822079059908044,1.0793802670563193,0.1028276389344851,0.060765194536476
StateInteraction,ST-47,ST-47,single,1,MH,single_stage,high_tick_calibrated,10.27289719626168,4.041667152935101,4.54764495335301,3.2778086234499866,other,2.3295090870061785,1.3966572684692695,0.932851818536909,1.7133735049745469,1.4534408746081426,0.25993263036640424,0.5963922244516566
StateInteraction,ST-49,ST-49A,1st,1,MH,multistage,template_axis,2.3670411985018727,3.5571115218306977,1.489966116109284,3.599358022594376,multistage_stage1,0.8616407357466079,1.2689488452526478,-0.4073081095060399,0.9122691023957874,1.5259167334500332,-0.6136476310542458,0.5104778702801429
StateInteraction,ST-49,ST-49A,2nd,2,MH,multistage,template_axis,2.411985018726591,3.4059901903747187,2.8786560593800843,4.0636786737838655,multistage_later,0.8804500677041037,1.2255357021349746,-0.3450856344308709,1.3554887171845722,1.622093229784385,-0.2666045125998129,0.3058450735153419
StateInteraction,ST-49,ST-49B,1st,1,MH,multistage,template_axis,2.317757009345794,5.012404655245438,0.8026491123809197,2.985119175396384,multistage_stage1,0.8405999117030759,1.6119157710543597,-0.7713158593512838,0.5892573120707676,1.3825672177915862,-0.7933099057208186,0.7823128825360512
StateInteraction,ST-49,ST-49B,2nd,2,MH,multistage,template_axis,2.332710280373832,3.656705853474037,2.270240188178077,3.7450838951199423,multistage_later,0.8470308020333666,1.2965627020996304,-0.44953190006626387,1.1848634342539182,1.5571091126474101,-0.372245678393492,0.4108887892298779
StateInteraction,ST-49,ST-49B,3rd,3,MH,multistage,template_axis,3.0205607476635516,3.3315318519389363,2.688521864717334,4.2364961739132445,multistage_later,1.1054424921850343,1.2034322138148932,-0.09798972162985886,1.3052257991319798,1.6556526055735339,-0.3504268064415541,0.22420826403570648
StateInteraction,ST-50,ST-50,single,1,MH,single_stage,high_tick_calibrated,11.3648393194707,3.653264629923669,14.441041006119924,3.0161452862031224,other,2.430524319014566,1.295621186997103,1.134903132017463,2.7370289649999844,1.3903225585784689,1.3467064064215155,1.2408047692194892
StateInteraction,ST-51,ST-51,1st,1,MH,multistage,template_axis,2.224677716390423,4.297882418263313,5.657304106068023,2.839909454840823,multistage_stage1,0.7996120585608246,1.4581224405318411,-0.6585103819710165,1.895714613724489,1.3454487868530998,0.5502658268713891,0.6043881044212028
StateInteraction,ST-51,ST-51,2nd,2,MH,multistage,template_axis,4.876611418047882,3.7633918672851823,12.216873697615233,3.19242923454728,multistage_later,1.5844505971229634,1.3253206431241011,0.2591299539988623,2.581494323674569,1.4332803355142838,1.1482139881602853,0.7036719710795738
StateInteraction,ST-52,ST-52,1st,1,MH,multistage,template_axis,3.4327808471454877,5.484938196773981,0.8348914135744603,2.6882276123788285,multistage_stage1,1.233370675311601,1.7020058259834905,-0.46863515067188954,0.6069853045918326,1.3051460208123893,-0.6981607162205566,0.5833979334462231
StateInteraction,ST-52,ST-52,2nd,2,MH,multistage,template_axis,2.327808471454881,4.805887464078205,2.893835924631728,2.9727018000594247,multistage_later,0.8449272547728676,1.5698417213260605,-0.7249144665531929,1.3593947706312965,1.3794464173982623,-0.020051646766965803,0.37248305666007936
StateInteraction,ST-53,ST-53,single,1,MH,single_stage,high_tick_calibrated,10.732075471698112,5.61554195569734,2.646284637776997,2.536241910277776,other,2.373236964936909,1.7255381028020609,0.6476988621348481,1.2937087417164144,1.2630645559753924,0.030644185741022012,0.33917152393793504
StateInteraction,ST-54,ST-54,single,1,MH,single_stage,high_tick_calibrated,11.574626865671643,5.463979941636699,2.1779328605345136,2.3204990994874946,other,2.4488153632256275,1.6981774512582184,0.7506379119674091,1.1562309415649015,1.200115102800731,-0.04388416123582961,0.3972610366016194
StateInteraction,ST-57,ST-57,1st,1,ML,multistage,template_axis,3.020257826887661,4.134012440042158,0.7670144749911346,1.983356533977163,multistage_stage1,1.1053422008843086,1.4192484704573125,-0.31390626957300394,0.5692913851495834,1.0930490203405372,-0.5237576351909538,0.41883195238197884
StateInteraction,ST-57,ST-57,2nd,2,ML,multistage,template_axis,1.561694290976059,3.464335413884808,1.0882572405101605,2.276895273923413,multistage_later,0.44577131585796764,1.2425208145012991,-0.7967494986433314,0.736329861910006,1.186896411294329,-0.45056654938432295,0.6236580240138272
StateInteraction,ST-57,ST-57,3rd,3,ML,multistage,template_axis,1.1639042357274405,3.116647734721098,0.363409368061785,2.466427748616491,multistage_later,0.1517800742129223,1.1367579801929986,-0.9849779059800763,0.3099884510259088,1.2431245964358968,-0.933136145409988,0.9590570256950322
StateInteraction,ST-59,ST-59A,1st,1,SC,multistage,template_axis,2.5018726591760303,5.769901955059589,0.5971660063513222,2.5511835133945153,multistage_stage1,0.9170395151363964,1.7526550881849268,-0.8356155730485304,0.4682308127042802,1.2672809319820018,-0.7990501192777215,0.817332846163126
StateInteraction,ST-59,ST-59A,2nd,2,SC,multistage,template_axis,2.1872659176029967,5.593866447489684,4.346558774498098,3.2968163098057675,multistage_later,0.7826523244279777,1.7216707202526722,-0.9390183958246945,1.6764531342333797,1.4578743554047775,0.21857877882860222,0.5787985873266484
StateInteraction,ST-59,ST-59B,single,1,SC,single_stage,high_tick_calibrated,3.8382352941176463,5.4406869048001365,2.1939377982437227,2.9760612520601817,other,1.3450127021465865,1.6939053221612896,-0.3488926200147031,1.1612545750395453,1.3802916941233967,-0.21903711908385137,0.28396486954927724
StateInteraction,ST-60,ST-60,single,1,SC,single_stage,high_tick_calibrated,9.550561797752808,3.2686538641052727,5.921130160238131,2.464467571702048,other,2.256599979752222,1.1843782377998264,1.0722217419523956,1.9345790742481401,1.242558961874671,0.692020112373469,0.8821209271629323
StateInteraction,ST-62,ST-62,1st,1,ML,multistage,template_axis,2.339622641509434,2.1568092081497885,2.444090507019552,2.2640697391035696,multistage_stage1,0.849989652052915,0.7686299110840205,0.08135974096889453,1.2366598658425831,1.1829748030205347,0.053685062822048435,0.06752240189547148
StateInteraction,ST-62,ST-62,2nd,2,ML,multistage,template_axis,1.6905660377358491,1.976922027385824,2.5206470266803382,2.473305986102921,multistage_later,0.525063406428763,0.6815411035451662,-0.15647769711640314,1.2586447871160327,1.245106874143271,0.013537912972761745,0.08500780504458244
StateInteraction,ST-64,ST-64,1st,1,ML,multistage,template_axis,2.3547169811320754,2.6442912256625912,1.877808970267375,2.2095928815679464,multistage_stage1,0.8564205423832054,0.9724030617871395,-0.11598251940393411,1.0570292303995794,1.1661441009265725,-0.10911487052699309,0.1125486949654636
StateInteraction,ST-64,ST-64,2nd,2,ML,multistage,template_axis,0.9811320754716985,2.296886883182071,1.5614651664373538,2.505049623937081,multistage_later,-0.019048194970694137,0.8315546770359706,-0.8506028720066647,0.9405794254123464,1.2542046784282925,-0.3136252530159461,0.5821140625113055
StateInteraction,ST-65,ST-65A,single,1,ML,single_stage,template_axis,4.301886792452829,3.0345339234429467,0.8019182154275645,2.1093391187391552,other,1.4590537154023187,1.1100578454841925,0.34899586991812614,0.588851772710893,1.1344102015962574,-0.5455584288853644,0.4472771494017453
StateInteraction,ST-65,ST-65B,single,1,ML,single_stage,high_tick_calibrated,4.130019120458891,3.2458673756387983,1.3438884305385317,2.040865633242358,other,1.4182820366132878,1.177382610475442,0.24089942613784587,0.8518112726888326,1.1121422226622677,-0.2603309499734351,0.2506151880556405
StateInteraction,ST-74,ST-74,1st,1,ML,multistage,template_axis,3.625468164794007,1.7845891829352838,1.1040411088271778,2.4088973281960024,multistage_stage1,1.2879834288763274,0.5791882391270277,0.7087951897492998,0.74385983310055,1.226388874836565,-0.48252904173601496,0.5956621157426574
StateInteraction,ST-74,ST-74,2nd,2,ML,multistage,template_axis,2.1573033707865172,1.7392881911987652,2.591537319871672,2.6127341282875975,multistage_later,0.7688590022956419,0.5534759440101789,0.215383058285463,1.2785803336444483,1.2844648619370773,-0.005884528292628977,0.11063379328904599
StateInteraction,ST-75,ST-75,single,1,ML,single_stage,high_tick_calibrated,6.79035250463822,2.7848042651641047,2.031135401407161,2.1222641164964604,other,1.9155028554864149,1.0241775891011444,0.8913252663852704,1.1089372692676531,1.1385584170084107,-0.029621147740757525,0.460473207063014
StateInteraction,ST-77,ST-77,single,1,ML,single_stage,high_tick_calibrated,4.37593984962406,2.443642948225994,8.478443441583133,2.2929251929748875,other,1.476121319509684,0.893489937439478,0.582631382070206,2.2490201088598023,1.1917762861531642,1.057243822706638,0.8199376023884221
StateInteraction,ST-79,ST-79A,1st,1,ML,multistage,template_axis,3.756906077348066,2.771314160485957,0.6177995977893,2.1404414014755404,multistage_stage1,1.3235957669043266,1.01932163386295,0.3042741330413765,0.481066952985848,1.1443633637589277,-0.6632964107730797,0.4837852719072281
StateInteraction,ST-79,ST-79A,2nd,2,ML,multistage,template_axis,2.1510128913443833,2.179294396659121,1.7422327959612514,2.442004350428601,multistage_later,0.765938843454237,0.7790011531508667,-0.013062309696629693,1.0087724775951246,1.236053961713186,-0.22728148411806148,0.12017189690734559
StateInteraction,ST-79,ST-79A,3rd,3,ML,multistage,template_axis,1.9152854511970536,1.976026502901859,0.792674685525182,2.6429442194011727,multistage_later,0.649866672201483,0.681088011635457,-0.031221339433973982,0.5837087423138816,1.292792206188414,-0.7090834638745325,0.3701524016542532
StateInteraction,ST-79,ST-79B,1st,1,ML,multistage,template_axis,3.285171102661597,4.255846691775296,0.9558105466274732,1.9005213723109744,multistage_stage1,1.1894187366262912,1.4482937297212088,-0.2588749930949177,0.6708047093692134,1.0648905043888102,-0.39408579501959673,0.3264803940572572
StateInteraction,ST-79,ST-79B,2nd,2,ML,multistage,template_axis,2.7528517110266155,3.609730857762523,4.966015388666184,2.1136329832838068,multistage_later,1.0126373602079517,1.2836332149290344,-0.2709958547210827,1.786079265483495,1.1357902062485992,0.6502890592348958,0.4606424569779892
StateInteraction,ST-79,ST-79B,3rd,3,ML,multistage,template_axis,3.7110266159695815,2.6748521477237466,4.633469921988288,2.549367894245968,multistage_later,1.3113085542353278,0.9838941069414501,0.3274144472938777,1.728725579473773,1.2667695296742418,0.4619560497995312,0.39468524854670445
StateInteraction,ST-80,ST-80A,1st,1,ML,multistage,template_axis,4.285714285714286,4.370221583549153,0.8578195921316184,2.1522435416757646,multistage_stage1,1.455287232606842,1.4748137134396675,-0.019526480832825488,0.6194035377933907,1.1481144347708652,-0.5287108969774744,0.27411868890514995
StateInteraction,ST-80,ST-80A,2nd,2,ML,multistage,template_axis,2.5112781954887216,3.420656930388524,2.0571599585960754,2.536390728632729,multistage_later,0.9207918647549466,1.229832617537495,-0.3090407527825484,1.1174863668901422,1.2631066388496413,-0.145620271959499,0.2273305123710237
StateInteraction,ST-80,ST-80A,3rd,3,ML,multistage,template_axis,2.571428571428571,3.2387682751882068,2.1624908445117144,2.745250980341774,multistage_later,0.9444616088408513,1.175193095545405,-0.2307314867045538,1.1513599590333894,1.3204886321713507,-0.16912867313796132,0.19993007992125755
StateInteraction,ST-80,ST-80B,1st,1,ML,multistage,template_axis,3.575091575091575,3.008364840820855,1.2102026607822007,2.083829109074786,multistage_stage1,1.2739907912281327,1.1013966888990434,0.17259410232908934,0.7930842130367196,1.1261720420629178,-0.33308782902619816,0.25284096567764375
StateInteraction,ST-80,ST-80B,2nd,2,ML,multistage,template_axis,1.3772893772893773,4.211491574195625,0.963619005993249,2.0250761688813657,multistage_later,0.32011734820493476,1.4378168781053948,-1.11769952990046,0.6747892023122047,1.1069362709612918,-0.43214706864908703,0.7749232992747734
StateInteraction,ST-80,ST-80B,3rd,3,ML,multistage,template_axis,2.578754578754579,3.2106400619068376,2.8412470777208414,2.4435733494711234,multistage_later,0.9473065609730827,1.1664703134977976,-0.21916375252471487,1.3457970736997145,1.2365096966240567,0.10928737707565772,0.1642255648001863
StateInteraction,ST-80,ST-80B,4th,4,ML,multistage,template_axis,1.655677655677656,4.114670241279934,0.9235575304172198,2.386896005847398,multistage_later,0.5042103846472716,1.4145586951415465,-0.9103483104942749,0.6541763519998626,1.219913869451475,-0.5657375174516125,0.7380429139729436
StateInteraction,ST-81,ST-81,1st,1,ML,multistage,template_axis,2.590909090909091,1.609509286036997,2.0879595144460916,3.6416183326867926,multistage_stage1,0.9520088144762343,0.47592934125670044,0.47607947321953387,1.1275105214697494,1.5350630840253396,-0.40755256255559025,0.4418160178875621
StateInteraction,ST-81,ST-81,2nd,2,ML,multistage,template_axis,1.8333333333333333,1.5933513435135382,2.8101903466204847,3.8080332048762857,multistage_later,0.6061358035703155,0.46583956123175096,0.14029624233856453,1.3376791476335725,1.5702881033813314,-0.23260895574775886,0.1864525990431617
StateInteraction,ST-81,ST-81,3rd,3,ML,multistage,template_axis,2.454545454545454,1.73883513590226,1.9766773456262745,3.72641968897896,multistage_later,0.8979415932059583,0.553215426911468,0.3447261662944904,1.090807693770282,1.5531679790916262,-0.4623602853213442,0.4035432258079173
StateInteraction,ST-81,ST-81,4th,4,ML,multistage,template_axis,2.333333333333333,1.9051208458129043,3.122536890156355,3.657818683821206,multistage_later,0.8472978603872034,0.6445454426889381,0.20275241769826535,1.4164687239031148,1.5385472449469453,-0.12207852104383043,0.1624154693710479
StateInteraction,ST-83,ST-83,1st,1,ML,multistage,template_axis,2.4842883548983363,1.6952756633503367,5.858299354618212,2.8070477153946136,multistage_stage1,0.9099862422366133,0.5278453608540975,0.3821408813825158,1.925459503513596,1.336854010916408,0.588605492597188,0.4853731869898519
StateInteraction,ST-83,ST-83,2nd,2,ML,multistage,template_axis,3.4750462107208873,1.6466515400711972,8.57722857627614,2.9845748969479877,multistage_later,1.2456077769775133,0.4987438562979475,0.7468639206795659,2.259388257465288,1.382430630754668,0.87695762671062,0.811910773695093
StateInteraction,ST-83,ST-83,3rd,3,ML,multistage,template_axis,2.410351201478743,1.637501599627973,2.547331618927098,3.109892817316112,multistage_later,0.8797724636401166,0.49317166539883733,0.3866007982412793,1.266195664211579,1.413396949656198,-0.14720128544461897,0.26690104184294916
StateInteraction,ST-85,ST-85,single,1,ML,single_stage,high_tick_calibrated,4.6654205607476635,3.231898733076147,1.4672078511482505,2.188826770349332,other,1.5401779825933117,1.1730698075801473,0.3671081750131644,0.9030870865917041,1.1596530655582304,-0.25656597896652633,0.31183707698984536
StateInteraction,ST-87,ST-87,1st,1,ML,multistage,template_axis,4.584103512014787,3.7100403219362583,0.9748019156223556,2.0692416027791176,multistage_stage1,1.5225945603125461,1.3110427450067135,0.21155181530583267,0.6804680974357015,1.1214304961555837,-0.4409623987198822,0.32625710701285743
StateInteraction,ST-87,ST-87,2nd,2,ML,multistage,template_axis,2.484288354898336,2.813362393444442,2.2698644913442263,2.431614484210986,multistage_later,0.9099862422366131,1.0343803493097878,-0.12439410707317478,1.1847485440946093,1.2330308455409005,-0.0482823014462912,0.08633820425973299
StateInteraction,ST-87,ST-87,3rd,3,ML,multistage,template_axis,2.853974121996303,2.6474842985064524,3.387075528012156,2.5783862765443577,multistage_later,1.0487124517382398,0.9736098677889455,0.07510258394929425,1.478662838359597,1.2749119380476466,0.20375090031195042,0.13942674213062234
StateInteraction,ST-91,ST-91,single,1,MH,single_stage,template_axis,6.278293135435993,5.110357621943374,2.621411436301523,2.4581546309632194,other,1.8370981498171168,1.631269386491527,0.20582876332558975,1.2868638493774172,1.2407351031390674,0.04612874623834973,0.12597875478196974
StateInteraction,ST-94,ST-94,single,1,MH,single_stage,high_tick_calibrated,6.433460076045627,5.988002123270182,3.5732464553547727,2.3477966446341605,other,1.861512507988404,1.789757821144858,0.07175468684354613,1.5202233368066487,1.2083024114259366,0.31192092538071203,0.19183780611212908
