pixel_x,pixel_y,axial_strain_global_pct,deviator_stress_kPa,q_smooth_kPa,axial_strain_local_pct,figure_id,specimen_id,stage_index,stage,matric_suction_kPa,source_q_peak_kPa,stress_per_pixel_kPa,x_max_pct
106,395.0,0.1198501872659176,7.086874493927125,8.071162618083669,0.0,F-33,ST-59A,1,1st,20.7,136.5,0.7874304993252361,8.0
107,394.0,0.1348314606741573,7.874304993252361,8.268020242914979,0.014981273408239695,F-33,ST-59A,1,1st,20.7,136.5,0.7874304993252361,8.0
108,393.5,0.149812734082397,8.268020242914979,8.464877867746289,0.029962546816479405,F-33,ST-59A,1,1st,20.7,136.5,0.7874304993252361,8.0
109,393.0,0.1647940074906367,8.661735492577597,8.661735492577597,0.044943820224719086,F-33,ST-59A,1,1st,20.7,136.5,0.7874304993252361,8.0
110,390.5,0.1797752808988764,10.630311740890688,10.630311740890688,0.059925093632958795,F-33,ST-59A,1,1st,20.7,136.5,0.7874304993252361,8.0
111,389.5,0.1947565543071161,11.417742240215924,11.417742240215924,0.0749063670411985,F-33,ST-59A,1,1st,20.7,136.5,0.7874304993252361,8.0
112,389.0,0.20973782771535582,11.811457489878542,11.811457489878542,0.08988764044943821,F-33,ST-59A,1,1st,20.7,136.5,0.7874304993252361,8.0
113,388.5,0.2247191011235955,12.20517273954116,12.20517273954116,0.1048689138576779,F-33,ST-59A,1,1st,20.7,136.5,0.7874304993252361,8.0
114,388.0,0.2397003745318352,12.598887989203778,12.598887989203778,0.1198501872659176,F-33,ST-59A,1,1st,20.7,136.5,0.7874304993252361,8.0
115,386.5,0.2546816479400749,13.780033738191632,13.780033738191632,0.1348314606741573,F-33,ST-59A,1,1st,20.7,136.5,0.7874304993252361,8.0
116,380.5,0.2696629213483146,18.50461673414305,18.50461673414305,0.14981273408239698,F-33,ST-59A,1,1st,20.7,136.5,0.7874304993252361,8.0
117,379.5,0.2846441947565543,19.292047233468285,19.292047233468285,0.16479400749063666,F-33,ST-59A,1,1st,20.7,136.5,0.7874304993252361,8.0
118,378.5,0.299625468164794,20.07947773279352,20.07947773279352,0.1797752808988764,F-33,ST-59A,1,1st,20.7,136.5,0.7874304993252361,8.0
119,378.0,0.3146067415730337,20.47319298245614,20.47319298245614,0.19475655430711608,F-33,ST-59A,1,1st,20.7,136.5,0.7874304993252361,8.0
120,373.5,0.3295880149812734,24.0166302294197,24.0166302294197,0.20973782771535576,F-33,ST-59A,1,1st,20.7,136.5,0.7874304993252361,8.0
121,372.5,0.3445692883895131,24.804060728744936,24.804060728744936,0.2247191011235955,F-33,ST-59A,1,1st,20.7,136.5,0.7874304993252361,8.0
122,370.5,0.3595505617977528,26.37892172739541,26.37892172739541,0.23970037453183518,F-33,ST-59A,1,1st,20.7,136.5,0.7874304993252361,8.0
123,369.0,0.37453183520599254,27.560067476383264,27.560067476383264,0.2546816479400749,F-33,ST-59A,1,1st,20.7,136.5,0.7874304993252361,8.0
124,368.0,0.3895131086142322,28.3474979757085,28.3474979757085,0.2696629213483146,F-33,ST-59A,1,1st,20.7,136.5,0.7874304993252361,8.0
125,366.5,0.4044943820224719,29.528643724696355,29.528643724696355,0.2846441947565543,F-33,ST-59A,1,1st,20.7,136.5,0.7874304993252361,8.0
126,366.0,0.41947565543071164,29.92235897435897,29.92235897435897,0.299625468164794,F-33,ST-59A,1,1st,20.7,136.5,0.7874304993252361,8.0
127,365.5,0.4344569288389513,30.31607422402159,30.31607422402159,0.3146067415730337,F-33,ST-59A,1,1st,20.7,136.5,0.7874304993252361,8.0
128,364.5,0.449438202247191,31.103504723346827,31.103504723346827,0.3295880149812734,F-33,ST-59A,1,1st,20.7,136.5,0.7874304993252361,8.0
129,362.5,0.46441947565543074,32.6783657219973,32.6783657219973,0.3445692883895131,F-33,ST-59A,1,1st,20.7,136.5,0.7874304993252361,8.0
130,358.5,0.4794007490636704,35.828087719298246,35.828087719298246,0.3595505617977528,F-33,ST-59A,1,1st,20.7,136.5,0.7874304993252361,8.0
131,357.5,0.4943820224719101,36.61551821862348,36.61551821862348,0.3745318352059925,F-33,ST-59A,1,1st,20.7,136.5,0.7874304993252361,8.0
132,354.0,0.5093632958801498,39.37152496626181,39.37152496626181,0.3895131086142322,F-33,ST-59A,1,1st,20.7,136.5,0.7874304993252361,8.0
133,353.5,0.5243445692883895,39.76524021592442,39.76524021592442,0.40449438202247184,F-33,ST-59A,1,1st,20.7,136.5,0.7874304993252361,8.0
134,352.0,0.5393258426966292,40.94638596491228,40.94638596491228,0.4194756554307116,F-33,ST-59A,1,1st,20.7,136.5,0.7874304993252361,8.0
135,351.5,0.5543071161048689,41.340101214574894,41.340101214574894,0.4344569288389513,F-33,ST-59A,1,1st,20.7,136.5,0.7874304993252361,8.0
136,350.0,0.5692883895131086,42.52124696356275,42.52124696356275,0.44943820224719094,F-33,ST-59A,1,1st,20.7,136.5,0.7874304993252361,8.0
137,348.5,0.5842696629213483,43.702392712550605,43.702392712550605,0.4644194756554307,F-33,ST-59A,1,1st,20.7,136.5,0.7874304993252361,8.0
138,347.5,0.599250936329588,44.489823211875844,44.489823211875844,0.4794007490636704,F-33,ST-59A,1,1st,20.7,136.5,0.7874304993252361,8.0
139,346.5,0.6142322097378277,45.27725371120108,45.27725371120108,0.49438202247191004,F-33,ST-59A,1,1st,20.7,136.5,0.7874304993252361,8.0
140,345.5,0.6292134831460674,46.064684210526316,46.064684210526316,0.5093632958801498,F-33,ST-59A,1,1st,20.7,136.5,0.7874304993252361,8.0
141,345.5,0.6441947565543071,46.064684210526316,46.064684210526316,0.5243445692883896,F-33,ST-59A,1,1st,20.7,136.5,0.7874304993252361,8.0
142,345.0,0.6591760299625468,46.45839946018893,46.45839946018893,0.5393258426966292,F-33,ST-59A,1,1st,20.7,136.5,0.7874304993252361,8.0
143,344.5,0.6741573033707865,46.85211470985155,46.85211470985155,0.5543071161048689,F-33,ST-59A,1,1st,20.7,136.5,0.7874304993252361,8.0
144,344.0,0.6891385767790262,47.24582995951417,47.24582995951417,0.5692883895131087,F-33,ST-59A,1,1st,20.7,136.5,0.7874304993252361,8.0
145,343.0,0.704119850187266,48.0332604588394,48.0332604588394,0.5842696629213484,F-33,ST-59A,1,1st,20.7,136.5,0.7874304993252361,8.0
146,342.5,0.7191011235955056,48.42697570850202,48.42697570850202,0.599250936329588,F-33,ST-59A,1,1st,20.7,136.5,0.7874304993252361,8.0
147,342.0,0.7340823970037453,48.82069095816464,48.82069095816464,0.6142322097378278,F-33,ST-59A,1,1st,20.7,136.5,0.7874304993252361,8.0
148,342.0,0.7490636704119851,48.82069095816464,48.82069095816464,0.6292134831460675,F-33,ST-59A,1,1st,20.7,136.5,0.7874304993252361,8.0
149,341.5,0.7640449438202247,49.21440620782726,49.21440620782726,0.6441947565543071,F-33,ST-59A,1,1st,20.7,136.5,0.7874304993252361,8.0
150,341.0,0.7790262172284644,49.60812145748987,49.60812145748987,0.6591760299625469,F-33,ST-59A,1,1st,20.7,136.5,0.7874304993252361,8.0
151,337.5,0.7940074906367042,52.3641282051282,52.3641282051282,0.6741573033707866,F-33,ST-59A,1,1st,20.7,136.5,0.7874304993252361,8.0
152,336.0,0.8089887640449438,53.545273954116055,53.545273954116055,0.6891385767790262,F-33,ST-59A,1,1st,20.7,136.5,0.7874304993252361,8.0
153,335.0,0.8239700374531835,54.332704453441295,54.332704453441295,0.704119850187266,F-33,ST-59A,1,1st,20.7,136.5,0.7874304993252361,8.0
154,332.0,0.8389513108614233,56.694995951417,56.694995951417,0.7191011235955057,F-33,ST-59A,1,1st,20.7,136.5,0.7874304993252361,8.0
155,331.5,0.8539325842696629,57.08871120107962,57.08871120107962,0.7340823970037453,F-33,ST-59A,1,1st,20.7,136.5,0.7874304993252361,8.0
156,330.5,0.8689138576779026,57.87614170040486,57.87614170040486,0.7490636704119851,F-33,ST-59A,1,1st,20.7,136.5,0.7874304993252361,8.0
157,330.0,0.8838951310861424,58.26985695006747,58.26985695006747,0.7640449438202248,F-33,ST-59A,1,1st,20.7,136.5,0.7874304993252361,8.0
158,330.0,0.898876404494382,58.26985695006747,58.26985695006747,0.7790262172284644,F-33,ST-59A,1,1st,20.7,136.5,0.7874304993252361,8.0
159,330.0,0.9138576779026217,58.26985695006747,58.26985695006747,0.7940074906367042,F-33,ST-59A,1,1st,20.7,136.5,0.7874304993252361,8.0
160,330.0,0.9288389513108615,58.26985695006747,58.26985695006747,0.8089887640449439,F-33,ST-59A,1,1st,20.7,136.5,0.7874304993252361,8.0
161,330.0,0.9438202247191011,58.26985695006747,58.26985695006747,0.8239700374531835,F-33,ST-59A,1,1st,20.7,136.5,0.7874304993252361,8.0
162,329.5,0.9588014981273408,58.66357219973009,58.66357219973009,0.8389513108614233,F-33,ST-59A,1,1st,20.7,136.5,0.7874304993252361,8.0
163,326.5,0.9737827715355806,61.0258636977058,61.0258636977058,0.853932584269663,F-33,ST-59A,1,1st,20.7,136.5,0.7874304993252361,8.0
164,325.0,0.9887640449438202,62.207009446693654,62.207009446693654,0.8689138576779026,F-33,ST-59A,1,1st,20.7,136.5,0.7874304993252361,8.0
165,324.0,1.00374531835206,62.994439946018886,62.994439946018886,0.8838951310861424,F-33,ST-59A,1,1st,20.7,136.5,0.7874304993252361,8.0
166,323.0,1.0187265917602997,63.781870445344126,63.781870445344126,0.8988764044943821,F-33,ST-59A,1,1st,20.7,136.5,0.7874304993252361,8.0
167,321.0,1.0337078651685394,65.3567314439946,65.3567314439946,0.9138576779026218,F-33,ST-59A,1,1st,20.7,136.5,0.7874304993252361,8.0
168,319.5,1.048689138576779,66.53787719298245,66.53787719298245,0.9288389513108614,F-33,ST-59A,1,1st,20.7,136.5,0.7874304993252361,8.0
169,319.0,1.0636704119850187,66.93159244264507,66.93159244264507,0.9438202247191011,F-33,ST-59A,1,1st,20.7,136.5,0.7874304993252361,8.0
170,317.5,1.0786516853932584,68.11273819163293,68.11273819163293,0.9588014981273408,F-33,ST-59A,1,1st,20.7,136.5,0.7874304993252361,8.0
171,316.0,1.0936329588014981,69.29388394062077,69.29388394062077,0.9737827715355806,F-33,ST-59A,1,1st,20.7,136.5,0.7874304993252361,8.0
172,315.0,1.1086142322097379,70.08131443994601,70.08131443994601,0.9887640449438203,F-33,ST-59A,1,1st,20.7,136.5,0.7874304993252361,8.0
173,313.5,1.1235955056179776,71.26246018893387,71.26246018893387,1.00374531835206,F-33,ST-59A,1,1st,20.7,136.5,0.7874304993252361,8.0
174,313.0,1.1385767790262171,71.65617543859649,71.65617543859649,1.0187265917602994,F-33,ST-59A,1,1st,20.7,136.5,0.7874304993252361,8.0
175,312.5,1.1535580524344569,72.04989068825911,72.04989068825911,1.0337078651685392,F-33,ST-59A,1,1st,20.7,136.5,0.7874304993252361,8.0
176,312.0,1.1685393258426966,72.44360593792172,72.44360593792172,1.048689138576779,F-33,ST-59A,1,1st,20.7,136.5,0.7874304993252361,8.0
177,311.5,1.1835205992509363,72.83732118758434,72.83732118758434,1.0636704119850187,F-33,ST-59A,1,1st,20.7,136.5,0.7874304993252361,8.0
178,310.5,1.198501872659176,73.62475168690958,73.62475168690958,1.0786516853932584,F-33,ST-59A,1,1st,20.7,136.5,0.7874304993252361,8.0
179,309.5,1.2134831460674158,74.41218218623482,74.41218218623482,1.0936329588014981,F-33,ST-59A,1,1st,20.7,136.5,0.7874304993252361,8.0
180,309.0,1.2284644194756553,74.80589743589744,74.80589743589744,1.1086142322097376,F-33,ST-59A,1,1st,20.7,136.5,0.7874304993252361,8.0
181,309.0,1.243445692883895,74.80589743589744,74.80589743589744,1.1235955056179774,F-33,ST-59A,1,1st,20.7,136.5,0.7874304993252361,8.0
182,308.5,1.2584269662921348,75.19961268556006,75.19961268556006,1.1385767790262171,F-33,ST-59A,1,1st,20.7,136.5,0.7874304993252361,8.0
183,308.0,1.2734082397003745,75.59332793522267,75.59332793522267,1.1535580524344569,F-33,ST-59A,1,1st,20.7,136.5,0.7874304993252361,8.0
184,307.5,1.2883895131086143,75.98704318488528,75.98704318488528,1.1685393258426966,F-33,ST-59A,1,1st,20.7,136.5,0.7874304993252361,8.0
185,306.5,1.303370786516854,76.77447368421052,76.77447368421052,1.1835205992509363,F-33,ST-59A,1,1st,20.7,136.5,0.7874304993252361,8.0
186,305.5,1.3183520599250935,77.56190418353576,77.56190418353576,1.1985018726591758,F-33,ST-59A,1,1st,20.7,136.5,0.7874304993252361,8.0
187,305.0,1.3333333333333333,77.95561943319838,77.95561943319838,1.2134831460674156,F-33,ST-59A,1,1st,20.7,136.5,0.7874304993252361,8.0
188,305.0,1.348314606741573,77.95561943319838,77.95561943319838,1.2284644194756553,F-33,ST-59A,1,1st,20.7,136.5,0.7874304993252361,8.0
189,304.5,1.3632958801498127,78.349334682861,78.349334682861,1.243445692883895,F-33,ST-59A,1,1st,20.7,136.5,0.7874304993252361,8.0
190,302.5,1.3782771535580525,79.92419568151146,79.92419568151146,1.2584269662921348,F-33,ST-59A,1,1st,20.7,136.5,0.7874304993252361,8.0
191,301.0,1.3932584269662922,81.10534143049932,81.10534143049932,1.2734082397003745,F-33,ST-59A,1,1st,20.7,136.5,0.7874304993252361,8.0
192,300.0,1.408239700374532,81.89277192982456,81.89277192982456,1.2883895131086143,F-33,ST-59A,1,1st,20.7,136.5,0.7874304993252361,8.0
193,299.0,1.4232209737827715,82.68020242914979,82.68020242914979,1.3033707865168538,F-33,ST-59A,1,1st,20.7,136.5,0.7874304993252361,8.0
194,297.5,1.4382022471910112,83.86134817813765,83.86134817813765,1.3183520599250935,F-33,ST-59A,1,1st,20.7,136.5,0.7874304993252361,8.0
195,296.5,1.453183520599251,84.64877867746289,84.64877867746289,1.3333333333333333,F-33,ST-59A,1,1st,20.7,136.5,0.7874304993252361,8.0
196,294.0,1.4681647940074907,86.61735492577597,86.61735492577597,1.348314606741573,F-33,ST-59A,1,1st,20.7,136.5,0.7874304993252361,8.0
197,292.5,1.4831460674157304,87.79850067476383,87.79850067476383,1.3632958801498127,F-33,ST-59A,1,1st,20.7,136.5,0.7874304993252361,8.0
198,291.5,1.4981273408239701,88.58593117408907,88.58593117408907,1.3782771535580525,F-33,ST-59A,1,1st,20.7,136.5,0.7874304993252361,8.0
199,290.5,1.5131086142322097,89.3733616734143,89.3733616734143,1.393258426966292,F-33,ST-59A,1,1st,20.7,136.5,0.7874304993252361,8.0
200,288.5,1.5280898876404494,90.94822267206477,90.94822267206477,1.4082397003745317,F-33,ST-59A,1,1st,20.7,136.5,0.7874304993252361,8.0
201,287.5,1.5430711610486891,91.73565317139001,91.73565317139001,1.4232209737827715,F-33,ST-59A,1,1st,20.7,136.5,0.7874304993252361,8.0
202,287.0,1.5580524344569289,92.12936842105263,92.12936842105263,1.4382022471910112,F-33,ST-59A,1,1st,20.7,136.5,0.7874304993252361,8.0
203,286.5,1.5730337078651686,92.52308367071524,92.52308367071524,1.453183520599251,F-33,ST-59A,1,1st,20.7,136.5,0.7874304993252361,8.0
204,286.0,1.5880149812734083,92.91679892037786,92.91679892037786,1.4681647940074907,F-33,ST-59A,1,1st,20.7,136.5,0.7874304993252361,8.0
205,284.5,1.6029962546816479,94.09794466936572,94.09794466936572,1.4831460674157302,F-33,ST-59A,1,1st,20.7,136.5,0.7874304993252361,8.0
206,283.5,1.6179775280898876,94.88537516869096,94.88537516869096,1.49812734082397,F-33,ST-59A,1,1st,20.7,136.5,0.7874304993252361,8.0
207,283.0,1.6329588014981273,95.27909041835358,95.27909041835358,1.5131086142322097,F-33,ST-59A,1,1st,20.7,136.5,0.7874304993252361,8.0
208,283.0,1.647940074906367,95.27909041835358,95.27909041835358,1.5280898876404494,F-33,ST-59A,1,1st,20.7,136.5,0.7874304993252361,8.0
209,282.5,1.6629213483146068,95.6728056680162,95.6728056680162,1.5430711610486891,F-33,ST-59A,1,1st,20.7,136.5,0.7874304993252361,8.0
210,280.5,1.6779026217228465,97.24766666666666,97.24766666666666,1.5580524344569289,F-33,ST-59A,1,1st,20.7,136.5,0.7874304993252361,8.0
211,279.0,1.692883895131086,98.42881241565452,98.42881241565452,1.5730337078651684,F-33,ST-59A,1,1st,20.7,136.5,0.7874304993252361,8.0
212,278.0,1.7078651685393258,99.21624291497974,99.21624291497974,1.5880149812734081,F-33,ST-59A,1,1st,20.7,136.5,0.7874304993252361,8.0
213,277.0,1.7228464419475655,100.00367341430498,100.00367341430498,1.6029962546816479,F-33,ST-59A,1,1st,20.7,136.5,0.7874304993252361,8.0
214,275.0,1.7378277153558053,101.57853441295546,101.57853441295546,1.6179775280898876,F-33,ST-59A,1,1st,20.7,136.5,0.7874304993252361,8.0
215,274.5,1.752808988764045,101.97224966261808,101.97224966261808,1.6329588014981273,F-33,ST-59A,1,1st,20.7,136.5,0.7874304993252361,8.0
216,274.0,1.7677902621722847,102.3659649122807,102.3659649122807,1.647940074906367,F-33,ST-59A,1,1st,20.7,136.5,0.7874304993252361,8.0
217,273.0,1.7827715355805243,103.15339541160593,103.15339541160593,1.6629213483146066,F-33,ST-59A,1,1st,20.7,136.5,0.7874304993252361,8.0
218,271.5,1.797752808988764,104.33454116059379,104.33454116059379,1.6779026217228463,F-33,ST-59A,1,1st,20.7,136.5,0.7874304993252361,8.0
219,270.5,1.8127340823970037,105.12197165991903,105.12197165991903,1.692883895131086,F-33,ST-59A,1,1st,20.7,136.5,0.7874304993252361,8.0
220,269.0,1.8277153558052435,106.30311740890687,106.30311740890687,1.7078651685393258,F-33,ST-59A,1,1st,20.7,136.5,0.7874304993252361,8.0
221,269.0,1.8426966292134832,106.30311740890687,106.30311740890687,1.7228464419475655,F-33,ST-59A,1,1st,20.7,136.5,0.7874304993252361,8.0
222,268.5,1.857677902621723,106.69683265856949,106.30311740890687,1.7378277153558053,F-33,ST-59A,1,1st,20.7,136.5,0.7874304993252361,8.0
223,269.0,1.8726591760299625,106.30311740890687,106.30311740890687,1.7528089887640448,F-33,ST-59A,1,1st,20.7,136.5,0.7874304993252361,8.0
224,269.0,1.8876404494382022,106.30311740890687,106.30311740890687,1.7677902621722845,F-33,ST-59A,1,1st,20.7,136.5,0.7874304993252361,8.0
225,269.0,1.902621722846442,106.30311740890687,106.30311740890687,1.7827715355805243,F-33,ST-59A,1,1st,20.7,136.5,0.7874304993252361,8.0
226,269.0,1.9176029962546817,106.30311740890687,106.30311740890687,1.797752808988764,F-33,ST-59A,1,1st,20.7,136.5,0.7874304993252361,8.0
227,269.0,1.9325842696629214,106.30311740890687,106.30311740890687,1.8127340823970037,F-33,ST-59A,1,1st,20.7,136.5,0.7874304993252361,8.0
228,268.5,1.9475655430711611,106.69683265856949,106.69683265856949,1.8277153558052435,F-33,ST-59A,1,1st,20.7,136.5,0.7874304993252361,8.0
229,268.0,1.9625468164794007,107.09054790823211,107.09054790823211,1.842696629213483,F-33,ST-59A,1,1st,20.7,136.5,0.7874304993252361,8.0
230,266.0,1.9775280898876404,108.66540890688259,108.66540890688259,1.8576779026217227,F-33,ST-59A,1,1st,20.7,136.5,0.7874304993252361,8.0
231,261.5,1.9925093632958801,112.20884615384615,112.20884615384615,1.8726591760299625,F-33,ST-59A,1,1st,20.7,136.5,0.7874304993252361,8.0
232,260.5,2.00749063670412,112.99627665317138,112.99627665317138,1.8876404494382022,F-33,ST-59A,1,1st,20.7,136.5,0.7874304993252361,8.0
233,257.5,2.0224719101123596,115.3585681511471,115.3585681511471,1.902621722846442,F-33,ST-59A,1,1st,20.7,136.5,0.7874304993252361,8.0
234,256.5,2.0374531835205993,116.14599865047232,116.14599865047232,1.9176029962546817,F-33,ST-59A,1,1st,20.7,136.5,0.7874304993252361,8.0
235,255.5,2.052434456928839,116.93342914979756,116.93342914979756,1.9325842696629214,F-33,ST-59A,1,1st,20.7,136.5,0.7874304993252361,8.0
236,254.5,2.067415730337079,117.7208596491228,117.7208596491228,1.9475655430711611,F-33,ST-59A,1,1st,20.7,136.5,0.7874304993252361,8.0
237,253.5,2.0823970037453186,118.50829014844804,118.50829014844804,1.9625468164794009,F-33,ST-59A,1,1st,20.7,136.5,0.7874304993252361,8.0
238,253.5,2.097378277153558,118.50829014844804,118.50829014844804,1.9775280898876402,F-33,ST-59A,1,1st,20.7,136.5,0.7874304993252361,8.0
239,253.5,2.1123595505617976,118.50829014844804,118.50829014844804,1.99250936329588,F-33,ST-59A,1,1st,20.7,136.5,0.7874304993252361,8.0
240,253.0,2.1273408239700373,118.90200539811066,118.90200539811066,2.00749063670412,F-33,ST-59A,1,1st,20.7,136.5,0.7874304993252361,8.0
241,253.0,2.142322097378277,118.90200539811066,118.90200539811066,2.0224719101123596,F-33,ST-59A,1,1st,20.7,136.5,0.7874304993252361,8.0
242,252.5,2.157303370786517,119.29572064777327,118.90200539811066,2.0374531835205993,F-33,ST-59A,1,1st,20.7,136.5,0.7874304993252361,8.0
243,253.0,2.1722846441947565,118.90200539811066,118.90200539811066,2.052434456928839,F-33,ST-59A,1,1st,20.7,136.5,0.7874304993252361,8.0
244,253.5,2.1872659176029963,118.50829014844804,118.50829014844804,2.067415730337079,F-33,ST-59A,1,1st,20.7,136.5,0.7874304993252361,8.0
245,254.5,2.202247191011236,117.7208596491228,117.7208596491228,2.0823970037453186,F-33,ST-59A,1,1st,20.7,136.5,0.7874304993252361,8.0
246,255.5,2.2172284644194757,116.93342914979756,116.93342914979756,2.0973782771535583,F-33,ST-59A,1,1st,20.7,136.5,0.7874304993252361,8.0
247,256.0,2.2322097378277155,116.53971390013494,116.53971390013494,2.112359550561798,F-33,ST-59A,1,1st,20.7,136.5,0.7874304993252361,8.0
248,256.5,2.247191011235955,116.14599865047232,116.53971390013494,2.1273408239700378,F-33,ST-59A,1,1st,20.7,136.5,0.7874304993252361,8.0
249,256.5,2.262172284644195,116.14599865047232,116.53971390013494,2.1423220973782775,F-33,ST-59A,1,1st,20.7,136.5,0.7874304993252361,8.0
250,256.0,2.2771535580524342,116.53971390013494,116.53971390013494,2.157303370786517,F-33,ST-59A,1,1st,20.7,136.5,0.7874304993252361,8.0
251,254.5,2.292134831460674,117.7208596491228,117.7208596491228,2.1722846441947565,F-33,ST-59A,1,1st,20.7,136.5,0.7874304993252361,8.0
252,253.0,2.3071161048689137,118.90200539811066,118.90200539811066,2.1872659176029963,F-33,ST-59A,1,1st,20.7,136.5,0.7874304993252361,8.0
253,252.0,2.3220973782771535,119.68943589743589,119.68943589743589,2.202247191011236,F-33,ST-59A,1,1st,20.7,136.5,0.7874304993252361,8.0
254,250.5,2.337078651685393,120.87058164642374,120.87058164642374,2.2172284644194757,F-33,ST-59A,1,1st,20.7,136.5,0.7874304993252361,8.0
255,250.0,2.352059925093633,121.26429689608636,121.26429689608636,2.2322097378277155,F-33,ST-59A,1,1st,20.7,136.5,0.7874304993252361,8.0
256,249.5,2.3670411985018727,121.65801214574898,121.65801214574898,2.247191011235955,F-33,ST-59A,1,1st,20.7,136.5,0.7874304993252361,8.0
257,248.5,2.3820224719101124,122.44544264507422,122.44544264507422,2.262172284644195,F-33,ST-59A,1,1st,20.7,136.5,0.7874304993252361,8.0
258,244.0,2.397003745318352,125.98887989203777,125.98887989203777,2.2771535580524347,F-33,ST-59A,1,1st,20.7,136.5,0.7874304993252361,8.0
259,243.0,2.411985018726592,126.77631039136301,126.77631039136301,2.2921348314606744,F-33,ST-59A,1,1st,20.7,136.5,0.7874304993252361,8.0
260,242.0,2.4269662921348316,127.56374089068825,127.56374089068825,2.307116104868914,F-33,ST-59A,1,1st,20.7,136.5,0.7874304993252361,8.0
261,239.5,2.4419475655430714,129.53231713900135,129.53231713900135,2.322097378277154,F-33,ST-59A,1,1st,20.7,136.5,0.7874304993252361,8.0
262,238.0,2.4569288389513106,130.7134628879892,130.7134628879892,2.337078651685393,F-33,ST-59A,1,1st,20.7,136.5,0.7874304993252361,8.0
263,237.5,2.4719101123595504,131.1071781376518,131.1071781376518,2.352059925093633,F-33,ST-59A,1,1st,20.7,136.5,0.7874304993252361,8.0
264,236.5,2.48689138576779,131.89460863697704,131.89460863697704,2.3670411985018727,F-33,ST-59A,1,1st,20.7,136.5,0.7874304993252361,8.0
265,236.0,2.50187265917603,132.28832388663966,132.28832388663966,2.3820224719101124,F-33,ST-59A,1,1st,20.7,136.5,0.7874304993252361,8.0
266,235.5,2.5168539325842696,132.68203913630228,132.68203913630228,2.397003745318352,F-33,ST-59A,1,1st,20.7,136.5,0.7874304993252361,8.0
267,235.0,2.5318352059925093,133.0757543859649,133.0757543859649,2.411985018726592,F-33,ST-59A,1,1st,20.7,136.5,0.7874304993252361,8.0
268,235.0,2.546816479400749,133.0757543859649,133.0757543859649,2.4269662921348316,F-33,ST-59A,1,1st,20.7,136.5,0.7874304993252361,8.0
269,234.5,2.561797752808989,133.46946963562752,133.46946963562752,2.4419475655430714,F-33,ST-59A,1,1st,20.7,136.5,0.7874304993252361,8.0
270,234.0,2.5767790262172285,133.86318488529014,133.86318488529014,2.456928838951311,F-33,ST-59A,1,1st,20.7,136.5,0.7874304993252361,8.0
271,233.5,2.5917602996254683,134.25690013495276,134.06004251012143,2.471910112359551,F-33,ST-59A,1,1st,20.7,136.5,0.7874304993252361,8.0
272,232.5,2.606741573033708,135.044330634278,134.25690013495276,2.4868913857677906,F-33,ST-59A,1,1st,20.7,136.5,0.7874304993252361,8.0
273,231.0,2.6217228464419478,136.22547638326586,134.65061538461538,2.5018726591760303,F-33,ST-59A,1,1st,20.7,136.5,0.7874304993252361,8.0
250,385.5,2.2771535580524342,14.567464237516868,18.50461673414305,0.0,F-33,ST-59A,2,2nd,137.9,252.4,0.7874304993252361,8.0
251,385.5,2.292134831460674,14.567464237516868,22.44176923076923,0.014981273408239737,F-33,ST-59A,2,2nd,137.9,252.4,0.7874304993252361,8.0
252,375.5,2.3071161048689137,22.44176923076923,25.591491228070176,0.029962546816479474,F-33,ST-59A,2,2nd,137.9,252.4,0.7874304993252361,8.0
253,367.5,2.3220973782771535,28.74121322537112,28.74121322537112,0.04494382022471921,F-33,ST-59A,2,2nd,137.9,252.4,0.7874304993252361,8.0
254,367.5,2.337078651685393,28.74121322537112,28.74121322537112,0.05992509363295895,F-33,ST-59A,2,2nd,137.9,252.4,0.7874304993252361,8.0
255,366.0,2.352059925093633,29.92235897435897,29.92235897435897,0.07490636704119868,F-33,ST-59A,2,2nd,137.9,252.4,0.7874304993252361,8.0
256,360.5,2.3670411985018727,34.253226720647774,34.253226720647774,0.08988764044943842,F-33,ST-59A,2,2nd,137.9,252.4,0.7874304993252361,8.0
257,358.0,2.3820224719101124,36.22180296896086,36.22180296896086,0.10486891385767816,F-33,ST-59A,2,2nd,137.9,252.4,0.7874304993252361,8.0
258,352.0,2.397003745318352,40.94638596491228,40.94638596491228,0.1198501872659179,F-33,ST-59A,2,2nd,137.9,252.4,0.7874304993252361,8.0
259,348.0,2.411985018726592,44.096107962213225,44.096107962213225,0.13483146067415763,F-33,ST-59A,2,2nd,137.9,252.4,0.7874304993252361,8.0
260,337.5,2.4269662921348316,52.3641282051282,52.3641282051282,0.14981273408239737,F-33,ST-59A,2,2nd,137.9,252.4,0.7874304993252361,8.0
261,337.5,2.4419475655430714,52.3641282051282,52.3641282051282,0.1647940074906371,F-33,ST-59A,2,2nd,137.9,252.4,0.7874304993252361,8.0
262,330.5,2.4569288389513106,57.87614170040486,57.87614170040486,0.1797752808988764,F-33,ST-59A,2,2nd,137.9,252.4,0.7874304993252361,8.0
263,317.0,2.4719101123595504,68.50645344129555,68.50645344129555,0.19475655430711614,F-33,ST-59A,2,2nd,137.9,252.4,0.7874304993252361,8.0
264,312.5,2.48689138576779,72.04989068825911,72.04989068825911,0.20973782771535587,F-33,ST-59A,2,2nd,137.9,252.4,0.7874304993252361,8.0
265,307.0,2.50187265917603,76.3807584345479,76.3807584345479,0.2247191011235956,F-33,ST-59A,2,2nd,137.9,252.4,0.7874304993252361,8.0
266,296.5,2.5168539325842696,84.64877867746289,84.64877867746289,0.23970037453183535,F-33,ST-59A,2,2nd,137.9,252.4,0.7874304993252361,8.0
267,296.5,2.5318352059925093,84.64877867746289,84.64877867746289,0.2546816479400751,F-33,ST-59A,2,2nd,137.9,252.4,0.7874304993252361,8.0
268,287.0,2.546816479400749,92.12936842105263,92.12936842105263,0.2696629213483148,F-33,ST-59A,2,2nd,137.9,252.4,0.7874304993252361,8.0
269,282.5,2.561797752808989,95.6728056680162,95.6728056680162,0.28464419475655456,F-33,ST-59A,2,2nd,137.9,252.4,0.7874304993252361,8.0
270,276.0,2.5767790262172285,100.79110391363022,100.79110391363022,0.2996254681647943,F-33,ST-59A,2,2nd,137.9,252.4,0.7874304993252361,8.0
271,271.0,2.5917602996254683,104.7282564102564,104.7282564102564,0.31460674157303403,F-33,ST-59A,2,2nd,137.9,252.4,0.7874304993252361,8.0
272,269.5,2.606741573033708,105.90940215924425,105.90940215924425,0.32958801498127377,F-33,ST-59A,2,2nd,137.9,252.4,0.7874304993252361,8.0
273,262.0,2.6217228464419478,111.81513090418353,111.81513090418353,0.3445692883895135,F-33,ST-59A,2,2nd,137.9,252.4,0.7874304993252361,8.0
274,252.5,2.636704119850187,119.29572064777327,119.29572064777327,0.3595505617977528,F-33,ST-59A,2,2nd,137.9,252.4,0.7874304993252361,8.0
275,250.5,2.651685393258427,120.87058164642374,120.87058164642374,0.37453183520599254,F-33,ST-59A,2,2nd,137.9,252.4,0.7874304993252361,8.0
276,245.5,2.6666666666666665,124.80773414304993,124.80773414304993,0.3895131086142323,F-33,ST-59A,2,2nd,137.9,252.4,0.7874304993252361,8.0
277,245.0,2.6816479400749063,125.20144939271255,125.20144939271255,0.404494382022472,F-33,ST-59A,2,2nd,137.9,252.4,0.7874304993252361,8.0
278,240.5,2.696629213483146,128.7448866396761,128.7448866396761,0.41947565543071175,F-33,ST-59A,2,2nd,137.9,252.4,0.7874304993252361,8.0
279,235.5,2.7116104868913857,132.68203913630228,132.68203913630228,0.4344569288389515,F-33,ST-59A,2,2nd,137.9,252.4,0.7874304993252361,8.0
280,232.0,2.7265917602996255,135.43804588394062,135.43804588394062,0.4494382022471912,F-33,ST-59A,2,2nd,137.9,252.4,0.7874304993252361,8.0
281,222.5,2.741573033707865,142.91863562753036,142.91863562753036,0.46441947565543096,F-33,ST-59A,2,2nd,137.9,252.4,0.7874304993252361,8.0
282,221.0,2.756554307116105,144.09978137651822,144.09978137651822,0.4794007490636707,F-33,ST-59A,2,2nd,137.9,252.4,0.7874304993252361,8.0
283,216.5,2.7715355805243447,147.64321862348177,147.64321862348177,0.49438202247191043,F-33,ST-59A,2,2nd,137.9,252.4,0.7874304993252361,8.0
284,210.5,2.7865168539325844,152.36780161943318,152.36780161943318,0.5093632958801502,F-33,ST-59A,2,2nd,137.9,252.4,0.7874304993252361,8.0
285,210.0,2.801498127340824,152.7615168690958,152.7615168690958,0.5243445692883899,F-33,ST-59A,2,2nd,137.9,252.4,0.7874304993252361,8.0
286,205.0,2.816479400749064,156.698669365722,156.698669365722,0.5393258426966296,F-33,ST-59A,2,2nd,137.9,252.4,0.7874304993252361,8.0
287,201.5,2.831460674157303,159.4546761133603,159.4546761133603,0.5543071161048689,F-33,ST-59A,2,2nd,137.9,252.4,0.7874304993252361,8.0
288,201.5,2.846441947565543,159.4546761133603,159.4546761133603,0.5692883895131087,F-33,ST-59A,2,2nd,137.9,252.4,0.7874304993252361,8.0
289,198.0,2.8614232209737827,162.21068286099865,162.21068286099865,0.5842696629213484,F-33,ST-59A,2,2nd,137.9,252.4,0.7874304993252361,8.0
290,191.5,2.8764044943820224,167.32898110661267,167.32898110661267,0.5992509363295881,F-33,ST-59A,2,2nd,137.9,252.4,0.7874304993252361,8.0
291,190.0,2.891385767790262,168.51012685560053,168.51012685560053,0.6142322097378279,F-33,ST-59A,2,2nd,137.9,252.4,0.7874304993252361,8.0
292,186.0,2.906367041198502,171.65984885290146,171.65984885290146,0.6292134831460676,F-33,ST-59A,2,2nd,137.9,252.4,0.7874304993252361,8.0
293,186.0,2.9213483146067416,171.65984885290146,171.65984885290146,0.6441947565543074,F-33,ST-59A,2,2nd,137.9,252.4,0.7874304993252361,8.0
294,182.5,2.9363295880149813,174.4158556005398,174.4158556005398,0.6591760299625471,F-33,ST-59A,2,2nd,137.9,252.4,0.7874304993252361,8.0
295,172.0,2.951310861423221,182.68387584345479,182.68387584345479,0.6741573033707868,F-33,ST-59A,2,2nd,137.9,252.4,0.7874304993252361,8.0
296,169.0,2.966292134831461,185.04616734143048,185.04616734143048,0.6891385767790266,F-33,ST-59A,2,2nd,137.9,252.4,0.7874304993252361,8.0
297,167.0,2.9812734082397006,186.62102834008095,186.62102834008095,0.7041198501872663,F-33,ST-59A,2,2nd,137.9,252.4,0.7874304993252361,8.0
298,165.0,2.9962546816479403,188.19588933873143,188.19588933873143,0.719101123595506,F-33,ST-59A,2,2nd,137.9,252.4,0.7874304993252361,8.0
299,165.0,3.0112359550561796,188.19588933873143,188.19588933873143,0.7340823970037453,F-33,ST-59A,2,2nd,137.9,252.4,0.7874304993252361,8.0
300,165.0,3.0262172284644193,188.19588933873143,188.19588933873143,0.7490636704119851,F-33,ST-59A,2,2nd,137.9,252.4,0.7874304993252361,8.0
301,162.0,3.041198501872659,190.55818083670715,190.55818083670715,0.7640449438202248,F-33,ST-59A,2,2nd,137.9,252.4,0.7874304993252361,8.0
302,158.5,3.056179775280899,193.31418758434546,193.31418758434546,0.7790262172284645,F-33,ST-59A,2,2nd,137.9,252.4,0.7874304993252361,8.0
303,157.5,3.0711610486891385,194.1016180836707,194.1016180836707,0.7940074906367043,F-33,ST-59A,2,2nd,137.9,252.4,0.7874304993252361,8.0
304,150.0,3.0861423220973783,200.00734682860997,200.00734682860997,0.808988764044944,F-33,ST-59A,2,2nd,137.9,252.4,0.7874304993252361,8.0
305,147.0,3.101123595505618,202.3696383265857,202.3696383265857,0.8239700374531838,F-33,ST-59A,2,2nd,137.9,252.4,0.7874304993252361,8.0
306,147.0,3.1161048689138577,202.3696383265857,202.3696383265857,0.8389513108614235,F-33,ST-59A,2,2nd,137.9,252.4,0.7874304993252361,8.0
307,143.5,3.1310861423220975,205.125645074224,205.125645074224,0.8539325842696632,F-33,ST-59A,2,2nd,137.9,252.4,0.7874304993252361,8.0
308,142.5,3.146067415730337,205.91307557354924,205.91307557354924,0.868913857677903,F-33,ST-59A,2,2nd,137.9,252.4,0.7874304993252361,8.0
309,140.5,3.161048689138577,207.48793657219971,207.48793657219971,0.8838951310861427,F-33,ST-59A,2,2nd,137.9,252.4,0.7874304993252361,8.0
310,140.5,3.1760299625468167,207.48793657219971,207.48793657219971,0.8988764044943824,F-33,ST-59A,2,2nd,137.9,252.4,0.7874304993252361,8.0
311,138.5,3.191011235955056,209.0627975708502,209.0627975708502,0.9138576779026217,F-33,ST-59A,2,2nd,137.9,252.4,0.7874304993252361,8.0
312,138.5,3.2059925093632957,209.0627975708502,209.0627975708502,0.9288389513108615,F-33,ST-59A,2,2nd,137.9,252.4,0.7874304993252361,8.0
313,135.0,3.2209737827715355,211.8188043184885,211.8188043184885,0.9438202247191012,F-33,ST-59A,2,2nd,137.9,252.4,0.7874304993252361,8.0
314,134.0,3.235955056179775,212.60623481781374,212.60623481781374,0.958801498127341,F-33,ST-59A,2,2nd,137.9,252.4,0.7874304993252361,8.0
315,132.5,3.250936329588015,213.7873805668016,213.7873805668016,0.9737827715355807,F-33,ST-59A,2,2nd,137.9,252.4,0.7874304993252361,8.0
316,132.5,3.2659176029962547,213.7873805668016,213.7873805668016,0.9887640449438204,F-33,ST-59A,2,2nd,137.9,252.4,0.7874304993252361,8.0
317,124.5,3.2808988764044944,220.0868245614035,220.0868245614035,1.0037453183520602,F-33,ST-59A,2,2nd,137.9,252.4,0.7874304993252361,8.0
318,124.5,3.295880149812734,220.0868245614035,220.0868245614035,1.0187265917603,F-33,ST-59A,2,2nd,137.9,252.4,0.7874304993252361,8.0
319,123.5,3.310861423220974,220.87425506072873,220.87425506072873,1.0337078651685396,F-33,ST-59A,2,2nd,137.9,252.4,0.7874304993252361,8.0
320,123.5,3.3258426966292136,220.87425506072873,220.87425506072873,1.0486891385767794,F-33,ST-59A,2,2nd,137.9,252.4,0.7874304993252361,8.0
321,118.0,3.3408239700374533,225.20512280701752,225.20512280701752,1.063670411985019,F-33,ST-59A,2,2nd,137.9,252.4,0.7874304993252361,8.0
322,117.5,3.355805243445693,225.59883805668014,225.59883805668014,1.0786516853932588,F-33,ST-59A,2,2nd,137.9,252.4,0.7874304993252361,8.0
323,117.5,3.3707865168539324,225.59883805668014,225.59883805668014,1.0936329588014981,F-33,ST-59A,2,2nd,137.9,252.4,0.7874304993252361,8.0
324,113.0,3.385767790262172,229.14227530364371,229.14227530364371,1.1086142322097379,F-33,ST-59A,2,2nd,137.9,252.4,0.7874304993252361,8.0
325,113.0,3.400749063670412,229.14227530364371,229.14227530364371,1.1235955056179776,F-33,ST-59A,2,2nd,137.9,252.4,0.7874304993252361,8.0
326,113.0,3.4157303370786516,229.14227530364371,229.14227530364371,1.1385767790262173,F-33,ST-59A,2,2nd,137.9,252.4,0.7874304993252361,8.0
327,109.0,3.4307116104868913,232.29199730094464,232.29199730094464,1.153558052434457,F-33,ST-59A,2,2nd,137.9,252.4,0.7874304993252361,8.0
328,108.5,3.445692883895131,232.68571255060726,232.68571255060726,1.1685393258426968,F-33,ST-59A,2,2nd,137.9,252.4,0.7874304993252361,8.0
329,108.5,3.460674157303371,232.68571255060726,232.68571255060726,1.1835205992509366,F-33,ST-59A,2,2nd,137.9,252.4,0.7874304993252361,8.0
330,105.5,3.4756554307116105,235.04800404858298,235.04800404858298,1.1985018726591763,F-33,ST-59A,2,2nd,137.9,252.4,0.7874304993252361,8.0
331,105.5,3.4906367041198503,235.04800404858298,235.04800404858298,1.213483146067416,F-33,ST-59A,2,2nd,137.9,252.4,0.7874304993252361,8.0
332,105.5,3.50561797752809,235.04800404858298,235.04800404858298,1.2284644194756558,F-33,ST-59A,2,2nd,137.9,252.4,0.7874304993252361,8.0
333,105.5,3.5205992509363297,235.04800404858298,235.04800404858298,1.2434456928838955,F-33,ST-59A,2,2nd,137.9,252.4,0.7874304993252361,8.0
334,102.5,3.5355805243445695,237.4102955465587,237.4102955465587,1.2584269662921352,F-33,ST-59A,2,2nd,137.9,252.4,0.7874304993252361,8.0
335,102.5,3.550561797752809,237.4102955465587,237.4102955465587,1.2734082397003745,F-33,ST-59A,2,2nd,137.9,252.4,0.7874304993252361,8.0
336,102.5,3.5655430711610485,237.4102955465587,237.4102955465587,1.2883895131086143,F-33,ST-59A,2,2nd,137.9,252.4,0.7874304993252361,8.0
337,100.0,3.5805243445692883,239.37887179487177,239.37887179487177,1.303370786516854,F-33,ST-59A,2,2nd,137.9,252.4,0.7874304993252361,8.0
338,100.0,3.595505617977528,239.37887179487177,239.37887179487177,1.3183520599250937,F-33,ST-59A,2,2nd,137.9,252.4,0.7874304993252361,8.0
339,100.0,3.6104868913857677,239.37887179487177,239.37887179487177,1.3333333333333335,F-33,ST-59A,2,2nd,137.9,252.4,0.7874304993252361,8.0
340,97.5,3.6254681647940075,241.34744804318487,241.34744804318487,1.3483146067415732,F-33,ST-59A,2,2nd,137.9,252.4,0.7874304993252361,8.0
341,97.5,3.640449438202247,241.34744804318487,241.34744804318487,1.363295880149813,F-33,ST-59A,2,2nd,137.9,252.4,0.7874304993252361,8.0
342,97.5,3.655430711610487,241.34744804318487,241.34744804318487,1.3782771535580527,F-33,ST-59A,2,2nd,137.9,252.4,0.7874304993252361,8.0
343,97.5,3.6704119850187267,241.34744804318487,241.34744804318487,1.3932584269662924,F-33,ST-59A,2,2nd,137.9,252.4,0.7874304993252361,8.0
344,93.5,3.6853932584269664,244.49717004048583,244.49717004048583,1.4082397003745322,F-33,ST-59A,2,2nd,137.9,252.4,0.7874304993252361,8.0
345,93.5,3.700374531835206,244.49717004048583,244.49717004048583,1.423220973782772,F-33,ST-59A,2,2nd,137.9,252.4,0.7874304993252361,8.0
346,93.5,3.715355805243446,244.49717004048583,244.49717004048583,1.4382022471910116,F-33,ST-59A,2,2nd,137.9,252.4,0.7874304993252361,8.0
347,90.5,3.730337078651685,246.85946153846152,246.85946153846152,1.453183520599251,F-33,ST-59A,2,2nd,137.9,252.4,0.7874304993252361,8.0
348,90.0,3.745318352059925,247.25317678812414,247.25317678812414,1.4681647940074907,F-33,ST-59A,2,2nd,137.9,252.4,0.7874304993252361,8.0
349,89.5,3.7602996254681647,247.64689203778676,247.64689203778676,1.4831460674157304,F-33,ST-59A,2,2nd,137.9,252.4,0.7874304993252361,8.0
350,89.0,3.7752808988764044,248.04060728744938,248.04060728744938,1.4981273408239701,F-33,ST-59A,2,2nd,137.9,252.4,0.7874304993252361,8.0
351,89.0,3.790262172284644,248.04060728744938,248.04060728744938,1.5131086142322099,F-33,ST-59A,2,2nd,137.9,252.4,0.7874304993252361,8.0
352,89.0,3.805243445692884,248.04060728744938,248.04060728744938,1.5280898876404496,F-33,ST-59A,2,2nd,137.9,252.4,0.7874304993252361,8.0
353,89.0,3.8202247191011236,248.04060728744938,248.04060728744938,1.5430711610486894,F-33,ST-59A,2,2nd,137.9,252.4,0.7874304993252361,8.0
354,88.5,3.8352059925093633,248.434322537112,248.434322537112,1.558052434456929,F-33,ST-59A,2,2nd,137.9,252.4,0.7874304993252361,8.0
355,88.5,3.850187265917603,248.434322537112,248.434322537112,1.5730337078651688,F-33,ST-59A,2,2nd,137.9,252.4,0.7874304993252361,8.0
356,88.5,3.865168539325843,248.434322537112,248.434322537112,1.5880149812734086,F-33,ST-59A,2,2nd,137.9,252.4,0.7874304993252361,8.0
357,87.0,3.8801498127340825,249.61546828609985,249.61546828609985,1.6029962546816483,F-33,ST-59A,2,2nd,137.9,252.4,0.7874304993252361,8.0
358,87.0,3.8951310861423223,249.61546828609985,249.61546828609985,1.617977528089888,F-33,ST-59A,2,2nd,137.9,252.4,0.7874304993252361,8.0
359,87.0,3.9101123595505616,249.61546828609985,249.61546828609985,1.6329588014981273,F-33,ST-59A,2,2nd,137.9,252.4,0.7874304993252361,8.0
360,87.0,3.9250936329588013,249.61546828609985,249.61546828609985,1.647940074906367,F-33,ST-59A,2,2nd,137.9,252.4,0.7874304993252361,8.0
361,87.0,3.940074906367041,249.61546828609985,249.61546828609985,1.6629213483146068,F-33,ST-59A,2,2nd,137.9,252.4,0.7874304993252361,8.0
362,87.0,3.955056179775281,249.61546828609985,249.61546828609985,1.6779026217228465,F-33,ST-59A,2,2nd,137.9,252.4,0.7874304993252361,8.0
363,89.0,3.9700374531835205,248.04060728744938,248.04060728744938,1.6928838951310863,F-33,ST-59A,2,2nd,137.9,252.4,0.7874304993252361,8.0
364,89.0,3.9850187265917603,248.04060728744938,248.04060728744938,1.707865168539326,F-33,ST-59A,2,2nd,137.9,252.4,0.7874304993252361,8.0
365,89.0,4.0,248.04060728744938,248.04060728744938,1.7228464419475658,F-33,ST-59A,2,2nd,137.9,252.4,0.7874304993252361,8.0
366,89.0,4.01498127340824,248.04060728744938,248.04060728744938,1.7378277153558055,F-33,ST-59A,2,2nd,137.9,252.4,0.7874304993252361,8.0
367,92.5,4.0299625468164795,245.28460053981104,245.28460053981104,1.7528089887640452,F-33,ST-59A,2,2nd,137.9,252.4,0.7874304993252361,8.0
368,92.5,4.044943820224719,245.28460053981104,245.28460053981104,1.767790262172285,F-33,ST-59A,2,2nd,137.9,252.4,0.7874304993252361,8.0
369,92.5,4.059925093632959,245.28460053981104,245.28460053981104,1.7827715355805247,F-33,ST-59A,2,2nd,137.9,252.4,0.7874304993252361,8.0
370,94.0,4.074906367041199,244.1034547908232,244.1034547908232,1.7977528089887644,F-33,ST-59A,2,2nd,137.9,252.4,0.7874304993252361,8.0
371,94.0,4.089887640449438,244.1034547908232,244.1034547908232,1.8127340823970042,F-33,ST-59A,2,2nd,137.9,252.4,0.7874304993252361,8.0
372,94.0,4.104868913857678,244.1034547908232,244.1034547908232,1.827715355805244,F-33,ST-59A,2,2nd,137.9,252.4,0.7874304993252361,8.0
373,94.0,4.119850187265918,244.1034547908232,244.1034547908232,1.8426966292134837,F-33,ST-59A,2,2nd,137.9,252.4,0.7874304993252361,8.0
374,94.0,4.134831460674158,244.1034547908232,244.1034547908232,1.8576779026217234,F-33,ST-59A,2,2nd,137.9,252.4,0.7874304993252361,8.0
375,94.0,4.149812734082397,244.1034547908232,244.1034547908232,1.8726591760299631,F-33,ST-59A,2,2nd,137.9,252.4,0.7874304993252361,8.0
376,94.0,4.164794007490637,244.1034547908232,244.1034547908232,1.8876404494382029,F-33,ST-59A,2,2nd,137.9,252.4,0.7874304993252361,8.0
377,88.5,4.179775280898877,248.434322537112,248.434322537112,1.9026217228464426,F-33,ST-59A,2,2nd,137.9,252.4,0.7874304993252361,8.0
378,88.5,4.194756554307116,248.434322537112,248.434322537112,1.9176029962546814,F-33,ST-59A,2,2nd,137.9,252.4,0.7874304993252361,8.0
379,88.5,4.209737827715355,248.434322537112,248.434322537112,1.9325842696629212,F-33,ST-59A,2,2nd,137.9,252.4,0.7874304993252361,8.0
380,83.0,4.224719101123595,252.76519028340078,252.76519028340078,1.947565543071161,F-33,ST-59A,2,2nd,137.9,252.4,0.7874304993252361,8.0
381,82.0,4.239700374531835,253.55262078272602,253.55262078272602,1.9625468164794007,F-33,ST-59A,2,2nd,137.9,252.4,0.7874304993252361,8.0
382,81.5,4.254681647940075,253.94633603238864,253.94633603238864,1.9775280898876404,F-33,ST-59A,2,2nd,137.9,252.4,0.7874304993252361,8.0
383,81.5,4.269662921348314,253.94633603238864,253.94633603238864,1.9925093632958801,F-33,ST-59A,2,2nd,137.9,252.4,0.7874304993252361,8.0
384,81.5,4.284644194756554,253.94633603238864,253.94633603238864,2.00749063670412,F-33,ST-59A,2,2nd,137.9,252.4,0.7874304993252361,8.0
385,81.5,4.299625468164794,253.94633603238864,253.94633603238864,2.0224719101123596,F-33,ST-59A,2,2nd,137.9,252.4,0.7874304993252361,8.0
386,81.5,4.314606741573034,253.94633603238864,253.94633603238864,2.0374531835205993,F-33,ST-59A,2,2nd,137.9,252.4,0.7874304993252361,8.0
387,81.5,4.329588014981273,253.94633603238864,253.94633603238864,2.052434456928839,F-33,ST-59A,2,2nd,137.9,252.4,0.7874304993252361,8.0
388,81.5,4.344569288389513,253.94633603238864,253.94633603238864,2.067415730337079,F-33,ST-59A,2,2nd,137.9,252.4,0.7874304993252361,8.0
389,81.5,4.359550561797753,253.94633603238864,253.94633603238864,2.0823970037453186,F-33,ST-59A,2,2nd,137.9,252.4,0.7874304993252361,8.0
390,80.5,4.3745318352059925,254.73376653171388,254.73376653171388,2.0973782771535583,F-33,ST-59A,2,2nd,137.9,252.4,0.7874304993252361,8.0
391,80.5,4.389513108614232,254.73376653171388,254.73376653171388,2.112359550561798,F-33,ST-59A,2,2nd,137.9,252.4,0.7874304993252361,8.0
392,80.5,4.404494382022472,254.73376653171388,254.73376653171388,2.1273408239700378,F-33,ST-59A,2,2nd,137.9,252.4,0.7874304993252361,8.0
393,80.5,4.419475655430712,254.73376653171388,254.73376653171388,2.1423220973782775,F-33,ST-59A,2,2nd,137.9,252.4,0.7874304993252361,8.0
394,79.5,4.4344569288389515,255.52119703103912,255.52119703103912,2.1573033707865172,F-33,ST-59A,2,2nd,137.9,252.4,0.7874304993252361,8.0
395,79.5,4.449438202247191,255.52119703103912,255.52119703103912,2.172284644194757,F-33,ST-59A,2,2nd,137.9,252.4,0.7874304993252361,8.0
396,79.0,4.464419475655431,255.91491228070174,255.91491228070174,2.1872659176029967,F-33,ST-59A,2,2nd,137.9,252.4,0.7874304993252361,8.0
397,79.0,4.479400749063671,255.91491228070174,255.91491228070174,2.2022471910112364,F-33,ST-59A,2,2nd,137.9,252.4,0.7874304993252361,8.0
398,79.0,4.49438202247191,255.91491228070174,255.91491228070174,2.217228464419476,F-33,ST-59A,2,2nd,137.9,252.4,0.7874304993252361,8.0
399,79.0,4.50936329588015,255.91491228070174,255.91491228070174,2.232209737827716,F-33,ST-59A,2,2nd,137.9,252.4,0.7874304993252361,8.0
400,79.0,4.52434456928839,255.91491228070174,255.91491228070174,2.2471910112359557,F-33,ST-59A,2,2nd,137.9,252.4,0.7874304993252361,8.0
401,79.0,4.53932584269663,255.91491228070174,255.91491228070174,2.2621722846441954,F-33,ST-59A,2,2nd,137.9,252.4,0.7874304993252361,8.0
402,79.0,4.5543071161048685,255.91491228070174,255.91491228070174,2.2771535580524342,F-33,ST-59A,2,2nd,137.9,252.4,0.7874304993252361,8.0
403,79.5,4.569288389513108,255.52119703103912,255.52119703103912,2.292134831460674,F-33,ST-59A,2,2nd,137.9,252.4,0.7874304993252361,8.0
404,79.5,4.584269662921348,255.52119703103912,255.52119703103912,2.3071161048689137,F-33,ST-59A,2,2nd,137.9,252.4,0.7874304993252361,8.0
405,79.5,4.599250936329588,255.52119703103912,255.52119703103912,2.3220973782771535,F-33,ST-59A,2,2nd,137.9,252.4,0.7874304993252361,8.0
406,79.5,4.614232209737827,255.52119703103912,255.52119703103912,2.337078651685393,F-33,ST-59A,2,2nd,137.9,252.4,0.7874304993252361,8.0
407,79.5,4.629213483146067,255.52119703103912,255.52119703103912,2.352059925093633,F-33,ST-59A,2,2nd,137.9,252.4,0.7874304993252361,8.0
408,79.5,4.644194756554307,255.52119703103912,255.52119703103912,2.3670411985018727,F-33,ST-59A,2,2nd,137.9,252.4,0.7874304993252361,8.0
409,79.5,4.659176029962547,255.52119703103912,255.52119703103912,2.3820224719101124,F-33,ST-59A,2,2nd,137.9,252.4,0.7874304993252361,8.0
410,79.5,4.674157303370786,255.52119703103912,255.52119703103912,2.397003745318352,F-33,ST-59A,2,2nd,137.9,252.4,0.7874304993252361,8.0
411,79.5,4.689138576779026,255.52119703103912,255.52119703103912,2.411985018726592,F-33,ST-59A,2,2nd,137.9,252.4,0.7874304993252361,8.0
412,79.5,4.704119850187266,255.52119703103912,255.52119703103912,2.4269662921348316,F-33,ST-59A,2,2nd,137.9,252.4,0.7874304993252361,8.0
413,79.5,4.719101123595506,255.52119703103912,255.52119703103912,2.4419475655430714,F-33,ST-59A,2,2nd,137.9,252.4,0.7874304993252361,8.0
414,79.5,4.734082397003745,255.52119703103912,255.52119703103912,2.456928838951311,F-33,ST-59A,2,2nd,137.9,252.4,0.7874304993252361,8.0
415,79.5,4.749063670411985,255.52119703103912,255.52119703103912,2.471910112359551,F-33,ST-59A,2,2nd,137.9,252.4,0.7874304993252361,8.0
416,81.0,4.764044943820225,254.34005128205126,254.34005128205126,2.4868913857677906,F-33,ST-59A,2,2nd,137.9,252.4,0.7874304993252361,8.0
417,81.0,4.7790262172284645,254.34005128205126,254.34005128205126,2.5018726591760303,F-33,ST-59A,2,2nd,137.9,252.4,0.7874304993252361,8.0
418,81.0,4.794007490636704,254.34005128205126,254.34005128205126,2.51685393258427,F-33,ST-59A,2,2nd,137.9,252.4,0.7874304993252361,8.0
419,81.0,4.808988764044944,254.34005128205126,254.34005128205126,2.5318352059925098,F-33,ST-59A,2,2nd,137.9,252.4,0.7874304993252361,8.0
420,81.5,4.823970037453184,253.94633603238864,253.94633603238864,2.5468164794007495,F-33,ST-59A,2,2nd,137.9,252.4,0.7874304993252361,8.0
421,81.5,4.8389513108614235,253.94633603238864,253.94633603238864,2.5617977528089892,F-33,ST-59A,2,2nd,137.9,252.4,0.7874304993252361,8.0
422,81.5,4.853932584269663,253.94633603238864,253.94633603238864,2.576779026217229,F-33,ST-59A,2,2nd,137.9,252.4,0.7874304993252361,8.0
423,81.5,4.868913857677903,253.94633603238864,253.94633603238864,2.5917602996254687,F-33,ST-59A,2,2nd,137.9,252.4,0.7874304993252361,8.0
424,81.5,4.883895131086143,253.94633603238864,253.94633603238864,2.6067415730337085,F-33,ST-59A,2,2nd,137.9,252.4,0.7874304993252361,8.0
425,81.5,4.898876404494382,253.94633603238864,253.94633603238864,2.621722846441948,F-33,ST-59A,2,2nd,137.9,252.4,0.7874304993252361,8.0
426,81.0,4.913857677902621,254.34005128205126,254.34005128205126,2.636704119850187,F-33,ST-59A,2,2nd,137.9,252.4,0.7874304993252361,8.0
427,81.0,4.928838951310861,254.34005128205126,254.34005128205126,2.651685393258427,F-33,ST-59A,2,2nd,137.9,252.4,0.7874304993252361,8.0
428,81.0,4.943820224719101,254.34005128205126,254.34005128205126,2.6666666666666665,F-33,ST-59A,2,2nd,137.9,252.4,0.7874304993252361,8.0
429,81.0,4.9588014981273405,254.34005128205126,254.34005128205126,2.6816479400749063,F-33,ST-59A,2,2nd,137.9,252.4,0.7874304993252361,8.0
430,81.0,4.97378277153558,254.34005128205126,254.34005128205126,2.696629213483146,F-33,ST-59A,2,2nd,137.9,252.4,0.7874304993252361,8.0
431,81.0,4.98876404494382,254.34005128205126,254.34005128205126,2.7116104868913857,F-33,ST-59A,2,2nd,137.9,252.4,0.7874304993252361,8.0
432,81.0,5.00374531835206,254.34005128205126,254.34005128205126,2.7265917602996255,F-33,ST-59A,2,2nd,137.9,252.4,0.7874304993252361,8.0
433,81.5,5.0187265917602994,253.94633603238864,253.94633603238864,2.741573033707865,F-33,ST-59A,2,2nd,137.9,252.4,0.7874304993252361,8.0
434,81.5,5.033707865168539,253.94633603238864,253.94633603238864,2.756554307116105,F-33,ST-59A,2,2nd,137.9,252.4,0.7874304993252361,8.0
435,81.5,5.048689138576779,253.94633603238864,253.94633603238864,2.7715355805243447,F-33,ST-59A,2,2nd,137.9,252.4,0.7874304993252361,8.0
436,81.5,5.063670411985019,253.94633603238864,253.94633603238864,2.7865168539325844,F-33,ST-59A,2,2nd,137.9,252.4,0.7874304993252361,8.0
437,81.5,5.078651685393258,253.94633603238864,253.94633603238864,2.801498127340824,F-33,ST-59A,2,2nd,137.9,252.4,0.7874304993252361,8.0
438,81.5,5.093632958801498,253.94633603238864,253.94633603238864,2.816479400749064,F-33,ST-59A,2,2nd,137.9,252.4,0.7874304993252361,8.0
439,81.5,5.108614232209738,253.94633603238864,253.94633603238864,2.8314606741573036,F-33,ST-59A,2,2nd,137.9,252.4,0.7874304993252361,8.0
440,80.5,5.123595505617978,254.73376653171388,254.73376653171388,2.8464419475655434,F-33,ST-59A,2,2nd,137.9,252.4,0.7874304993252361,8.0
441,80.5,5.138576779026217,254.73376653171388,254.73376653171388,2.861423220973783,F-33,ST-59A,2,2nd,137.9,252.4,0.7874304993252361,8.0
442,80.5,5.153558052434457,254.73376653171388,254.73376653171388,2.876404494382023,F-33,ST-59A,2,2nd,137.9,252.4,0.7874304993252361,8.0
443,80.5,5.168539325842697,254.73376653171388,254.73376653171388,2.8913857677902626,F-33,ST-59A,2,2nd,137.9,252.4,0.7874304993252361,8.0
444,80.5,5.1835205992509366,254.73376653171388,254.73376653171388,2.9063670411985023,F-33,ST-59A,2,2nd,137.9,252.4,0.7874304993252361,8.0
445,80.5,5.198501872659176,254.73376653171388,254.73376653171388,2.921348314606742,F-33,ST-59A,2,2nd,137.9,252.4,0.7874304993252361,8.0
446,80.5,5.213483146067416,254.73376653171388,254.73376653171388,2.936329588014982,F-33,ST-59A,2,2nd,137.9,252.4,0.7874304993252361,8.0
447,80.5,5.228464419475656,254.73376653171388,254.73376653171388,2.9513108614232215,F-33,ST-59A,2,2nd,137.9,252.4,0.7874304993252361,8.0
448,80.5,5.2434456928838955,254.73376653171388,254.73376653171388,2.9662921348314613,F-33,ST-59A,2,2nd,137.9,252.4,0.7874304993252361,8.0
449,80.5,5.258426966292135,254.73376653171388,254.73376653171388,2.981273408239701,F-33,ST-59A,2,2nd,137.9,252.4,0.7874304993252361,8.0
450,81.5,5.273408239700374,253.94633603238864,253.94633603238864,2.99625468164794,F-33,ST-59A,2,2nd,137.9,252.4,0.7874304993252361,8.0
451,81.5,5.288389513108614,253.94633603238864,253.94633603238864,3.0112359550561796,F-33,ST-59A,2,2nd,137.9,252.4,0.7874304993252361,8.0
452,81.5,5.303370786516854,253.94633603238864,253.94633603238864,3.0262172284644193,F-33,ST-59A,2,2nd,137.9,252.4,0.7874304993252361,8.0
453,81.5,5.318352059925093,253.94633603238864,253.94633603238864,3.041198501872659,F-33,ST-59A,2,2nd,137.9,252.4,0.7874304993252361,8.0
454,81.5,5.333333333333333,253.94633603238864,253.94633603238864,3.056179775280899,F-33,ST-59A,2,2nd,137.9,252.4,0.7874304993252361,8.0
455,82.5,5.348314606741573,253.1589055330634,253.1589055330634,3.0711610486891385,F-33,ST-59A,2,2nd,137.9,252.4,0.7874304993252361,8.0
456,82.5,5.3632958801498125,253.1589055330634,253.1589055330634,3.0861423220973783,F-33,ST-59A,2,2nd,137.9,252.4,0.7874304993252361,8.0
457,84.5,5.378277153558052,251.58404453441295,251.58404453441295,3.101123595505618,F-33,ST-59A,2,2nd,137.9,252.4,0.7874304993252361,8.0
458,84.5,5.393258426966292,251.58404453441295,251.58404453441295,3.1161048689138577,F-33,ST-59A,2,2nd,137.9,252.4,0.7874304993252361,8.0
459,84.5,5.408239700374532,251.58404453441295,251.58404453441295,3.1310861423220975,F-33,ST-59A,2,2nd,137.9,252.4,0.7874304993252361,8.0
460,86.0,5.4232209737827715,250.4028987854251,250.4028987854251,3.146067415730337,F-33,ST-59A,2,2nd,137.9,252.4,0.7874304993252361,8.0
461,86.0,5.438202247191011,250.4028987854251,250.4028987854251,3.161048689138577,F-33,ST-59A,2,2nd,137.9,252.4,0.7874304993252361,8.0
462,86.0,5.453183520599251,250.4028987854251,250.4028987854251,3.1760299625468167,F-33,ST-59A,2,2nd,137.9,252.4,0.7874304993252361,8.0
463,86.0,5.468164794007491,250.4028987854251,250.4028987854251,3.1910112359550564,F-33,ST-59A,2,2nd,137.9,252.4,0.7874304993252361,8.0
464,86.0,5.48314606741573,250.4028987854251,250.4028987854251,3.205992509363296,F-33,ST-59A,2,2nd,137.9,252.4,0.7874304993252361,8.0
465,86.0,5.49812734082397,250.4028987854251,250.4028987854251,3.220973782771536,F-33,ST-59A,2,2nd,137.9,252.4,0.7874304993252361,8.0
466,86.0,5.51310861423221,250.4028987854251,250.4028987854251,3.2359550561797756,F-33,ST-59A,2,2nd,137.9,252.4,0.7874304993252361,8.0
467,85.5,5.52808988764045,250.7966140350877,250.7966140350877,3.2509363295880154,F-33,ST-59A,2,2nd,137.9,252.4,0.7874304993252361,8.0
468,85.5,5.543071161048689,250.7966140350877,250.7966140350877,3.265917602996255,F-33,ST-59A,2,2nd,137.9,252.4,0.7874304993252361,8.0
469,85.5,5.558052434456929,250.7966140350877,250.7966140350877,3.280898876404495,F-33,ST-59A,2,2nd,137.9,252.4,0.7874304993252361,8.0
470,84.0,5.573033707865169,251.97775978407554,251.97775978407554,3.2958801498127346,F-33,ST-59A,2,2nd,137.9,252.4,0.7874304993252361,8.0
471,84.0,5.588014981273409,251.97775978407554,251.97775978407554,3.3108614232209743,F-33,ST-59A,2,2nd,137.9,252.4,0.7874304993252361,8.0
472,84.0,5.602996254681648,251.97775978407554,251.97775978407554,3.325842696629214,F-33,ST-59A,2,2nd,137.9,252.4,0.7874304993252361,8.0
473,84.0,5.617977528089888,251.97775978407554,251.97775978407554,3.340823970037454,F-33,ST-59A,2,2nd,137.9,252.4,0.7874304993252361,8.0
474,84.0,5.632958801498128,251.97775978407554,251.97775978407554,3.3558052434456935,F-33,ST-59A,2,2nd,137.9,252.4,0.7874304993252361,8.0
475,84.0,5.647940074906367,251.97775978407554,251.97775978407554,3.3707865168539324,F-33,ST-59A,2,2nd,137.9,252.4,0.7874304993252361,8.0
476,84.0,5.662921348314606,251.97775978407554,251.97775978407554,3.385767790262172,F-33,ST-59A,2,2nd,137.9,252.4,0.7874304993252361,8.0
477,84.0,5.677902621722846,251.97775978407554,251.97775978407554,3.400749063670412,F-33,ST-59A,2,2nd,137.9,252.4,0.7874304993252361,8.0
478,85.0,5.692883895131086,251.19032928475033,251.19032928475033,3.4157303370786516,F-33,ST-59A,2,2nd,137.9,252.4,0.7874304993252361,8.0
479,85.0,5.707865168539326,251.19032928475033,251.19032928475033,3.4307116104868913,F-33,ST-59A,2,2nd,137.9,252.4,0.7874304993252361,8.0
480,87.5,5.722846441947565,249.22175303643724,249.22175303643724,3.445692883895131,F-33,ST-59A,2,2nd,137.9,252.4,0.7874304993252361,8.0
481,87.5,5.737827715355805,249.22175303643724,249.22175303643724,3.460674157303371,F-33,ST-59A,2,2nd,137.9,252.4,0.7874304993252361,8.0
482,87.5,5.752808988764045,249.22175303643724,249.22175303643724,3.4756554307116105,F-33,ST-59A,2,2nd,137.9,252.4,0.7874304993252361,8.0
483,87.5,5.7677902621722845,249.22175303643724,249.22175303643724,3.4906367041198503,F-33,ST-59A,2,2nd,137.9,252.4,0.7874304993252361,8.0
484,87.5,5.782771535580524,249.22175303643724,249.22175303643724,3.50561797752809,F-33,ST-59A,2,2nd,137.9,252.4,0.7874304993252361,8.0
485,87.5,5.797752808988764,249.22175303643724,249.22175303643724,3.5205992509363297,F-33,ST-59A,2,2nd,137.9,252.4,0.7874304993252361,8.0
486,87.5,5.812734082397004,249.22175303643724,249.22175303643724,3.5355805243445695,F-33,ST-59A,2,2nd,137.9,252.4,0.7874304993252361,8.0
487,87.5,5.8277153558052435,249.22175303643724,249.22175303643724,3.5505617977528092,F-33,ST-59A,2,2nd,137.9,252.4,0.7874304993252361,8.0
488,87.5,5.842696629213483,249.22175303643724,249.22175303643724,3.565543071161049,F-33,ST-59A,2,2nd,137.9,252.4,0.7874304993252361,8.0
489,87.5,5.857677902621723,249.22175303643724,249.22175303643724,3.5805243445692887,F-33,ST-59A,2,2nd,137.9,252.4,0.7874304993252361,8.0
490,87.5,5.872659176029963,249.22175303643724,249.22175303643724,3.5955056179775284,F-33,ST-59A,2,2nd,137.9,252.4,0.7874304993252361,8.0
491,87.5,5.887640449438202,249.22175303643724,249.22175303643724,3.610486891385768,F-33,ST-59A,2,2nd,137.9,252.4,0.7874304993252361,8.0
492,88.5,5.902621722846442,248.434322537112,248.434322537112,3.625468164794008,F-33,ST-59A,2,2nd,137.9,252.4,0.7874304993252361,8.0
493,88.5,5.917602996254682,248.434322537112,248.434322537112,3.6404494382022476,F-33,ST-59A,2,2nd,137.9,252.4,0.7874304993252361,8.0
494,89.5,5.932584269662922,247.64689203778676,247.64689203778676,3.6554307116104874,F-33,ST-59A,2,2nd,137.9,252.4,0.7874304993252361,8.0
495,89.5,5.947565543071161,247.64689203778676,247.64689203778676,3.670411985018727,F-33,ST-59A,2,2nd,137.9,252.4,0.7874304993252361,8.0
496,89.5,5.962546816479401,247.64689203778676,247.64689203778676,3.685393258426967,F-33,ST-59A,2,2nd,137.9,252.4,0.7874304993252361,8.0
497,89.5,5.977528089887641,247.64689203778676,247.64689203778676,3.7003745318352066,F-33,ST-59A,2,2nd,137.9,252.4,0.7874304993252361,8.0
498,91.5,5.992509363295881,246.07203103913628,246.07203103913628,3.7153558052434463,F-33,ST-59A,2,2nd,137.9,252.4,0.7874304993252361,8.0
499,91.5,6.007490636704119,246.07203103913628,246.07203103913628,3.730337078651685,F-33,ST-59A,2,2nd,137.9,252.4,0.7874304993252361,8.0
500,91.5,6.022471910112359,246.07203103913628,246.07203103913628,3.745318352059925,F-33,ST-59A,2,2nd,137.9,252.4,0.7874304993252361,8.0
501,91.5,6.037453183520599,246.07203103913628,246.07203103913628,3.7602996254681647,F-33,ST-59A,2,2nd,137.9,252.4,0.7874304993252361,8.0
502,93.0,6.052434456928839,244.89088529014845,244.89088529014845,3.7752808988764044,F-33,ST-59A,2,2nd,137.9,252.4,0.7874304993252361,8.0
503,93.0,6.067415730337078,244.89088529014845,244.89088529014845,3.790262172284644,F-33,ST-59A,2,2nd,137.9,252.4,0.7874304993252361,8.0
504,93.0,6.082397003745318,244.89088529014845,244.89088529014845,3.805243445692884,F-33,ST-59A,2,2nd,137.9,252.4,0.7874304993252361,8.0
505,93.0,6.097378277153558,244.89088529014845,244.89088529014845,3.8202247191011236,F-33,ST-59A,2,2nd,137.9,252.4,0.7874304993252361,8.0
506,93.0,6.112359550561798,244.89088529014845,244.89088529014845,3.8352059925093633,F-33,ST-59A,2,2nd,137.9,252.4,0.7874304993252361,8.0
507,93.0,6.127340823970037,244.89088529014845,244.89088529014845,3.850187265917603,F-33,ST-59A,2,2nd,137.9,252.4,0.7874304993252361,8.0
508,92.5,6.142322097378277,245.28460053981104,245.28460053981104,3.865168539325843,F-33,ST-59A,2,2nd,137.9,252.4,0.7874304993252361,8.0
509,92.5,6.157303370786517,245.28460053981104,245.28460053981104,3.8801498127340825,F-33,ST-59A,2,2nd,137.9,252.4,0.7874304993252361,8.0
510,92.5,6.1722846441947565,245.28460053981104,245.28460053981104,3.8951310861423223,F-33,ST-59A,2,2nd,137.9,252.4,0.7874304993252361,8.0
511,92.5,6.187265917602996,245.28460053981104,245.28460053981104,3.910112359550562,F-33,ST-59A,2,2nd,137.9,252.4,0.7874304993252361,8.0
512,92.5,6.202247191011236,245.28460053981104,245.28460053981104,3.9250936329588018,F-33,ST-59A,2,2nd,137.9,252.4,0.7874304993252361,8.0
513,93.0,6.217228464419476,244.89088529014845,244.89088529014845,3.9400749063670415,F-33,ST-59A,2,2nd,137.9,252.4,0.7874304993252361,8.0
514,93.0,6.2322097378277155,244.89088529014845,244.89088529014845,3.9550561797752812,F-33,ST-59A,2,2nd,137.9,252.4,0.7874304993252361,8.0
515,93.0,6.247191011235955,244.89088529014845,244.89088529014845,3.970037453183521,F-33,ST-59A,2,2nd,137.9,252.4,0.7874304993252361,8.0
516,93.0,6.262172284644195,244.89088529014845,244.89088529014845,3.9850187265917607,F-33,ST-59A,2,2nd,137.9,252.4,0.7874304993252361,8.0
517,93.0,6.277153558052435,244.89088529014845,244.89088529014845,4.0,F-33,ST-59A,2,2nd,137.9,252.4,0.7874304993252361,8.0
518,93.0,6.292134831460674,244.89088529014845,244.89088529014845,4.014981273408241,F-33,ST-59A,2,2nd,137.9,252.4,0.7874304993252361,8.0
519,92.0,6.307116104868914,245.67831578947366,245.67831578947366,4.0299625468164795,F-33,ST-59A,2,2nd,137.9,252.4,0.7874304993252361,8.0
520,92.0,6.322097378277154,245.67831578947366,245.67831578947366,4.04494382022472,F-33,ST-59A,2,2nd,137.9,252.4,0.7874304993252361,8.0
521,92.0,6.337078651685394,245.67831578947366,245.67831578947366,4.059925093632959,F-33,ST-59A,2,2nd,137.9,252.4,0.7874304993252361,8.0
522,92.0,6.352059925093633,245.67831578947366,245.67831578947366,4.0749063670412,F-33,ST-59A,2,2nd,137.9,252.4,0.7874304993252361,8.0
523,92.0,6.367041198501872,245.67831578947366,245.67831578947366,4.089887640449438,F-33,ST-59A,2,2nd,137.9,252.4,0.7874304993252361,8.0
524,92.0,6.382022471910112,245.67831578947366,245.67831578947366,4.104868913857677,F-33,ST-59A,2,2nd,137.9,252.4,0.7874304993252361,8.0
525,92.0,6.397003745318352,245.67831578947366,245.67831578947366,4.119850187265918,F-33,ST-59A,2,2nd,137.9,252.4,0.7874304993252361,8.0
526,93.0,6.411985018726591,244.89088529014845,244.89088529014845,4.134831460674157,F-33,ST-59A,2,2nd,137.9,252.4,0.7874304993252361,8.0
527,93.0,6.426966292134831,244.89088529014845,244.89088529014845,4.149812734082397,F-33,ST-59A,2,2nd,137.9,252.4,0.7874304993252361,8.0
528,93.0,6.441947565543071,244.89088529014845,244.89088529014845,4.164794007490636,F-33,ST-59A,2,2nd,137.9,252.4,0.7874304993252361,8.0
529,95.5,6.456928838951311,242.92230904183535,242.92230904183535,4.179775280898877,F-33,ST-59A,2,2nd,137.9,252.4,0.7874304993252361,8.0
530,95.5,6.47191011235955,242.92230904183535,242.92230904183535,4.194756554307116,F-33,ST-59A,2,2nd,137.9,252.4,0.7874304993252361,8.0
531,95.5,6.48689138576779,242.92230904183535,242.92230904183535,4.209737827715356,F-33,ST-59A,2,2nd,137.9,252.4,0.7874304993252361,8.0
532,95.5,6.50187265917603,242.92230904183535,242.92230904183535,4.224719101123595,F-33,ST-59A,2,2nd,137.9,252.4,0.7874304993252361,8.0
533,96.5,6.51685393258427,242.1348785425101,242.1348785425101,4.239700374531836,F-33,ST-59A,2,2nd,137.9,252.4,0.7874304993252361,8.0
534,96.5,6.531835205992509,242.1348785425101,242.1348785425101,4.254681647940075,F-33,ST-59A,2,2nd,137.9,252.4,0.7874304993252361,8.0
535,96.5,6.546816479400749,242.1348785425101,242.1348785425101,4.269662921348315,F-33,ST-59A,2,2nd,137.9,252.4,0.7874304993252361,8.0
536,96.5,6.561797752808989,242.1348785425101,242.1348785425101,4.284644194756554,F-33,ST-59A,2,2nd,137.9,252.4,0.7874304993252361,8.0
537,96.5,6.5767790262172285,242.1348785425101,242.1348785425101,4.299625468164795,F-33,ST-59A,2,2nd,137.9,252.4,0.7874304993252361,8.0
538,96.5,6.591760299625468,242.1348785425101,242.1348785425101,4.314606741573034,F-33,ST-59A,2,2nd,137.9,252.4,0.7874304993252361,8.0
539,95.5,6.606741573033708,242.92230904183535,242.92230904183535,4.329588014981274,F-33,ST-59A,2,2nd,137.9,252.4,0.7874304993252361,8.0
540,95.5,6.621722846441948,242.92230904183535,242.92230904183535,4.344569288389513,F-33,ST-59A,2,2nd,137.9,252.4,0.7874304993252361,8.0
541,95.5,6.6367041198501875,242.92230904183535,242.92230904183535,4.359550561797754,F-33,ST-59A,2,2nd,137.9,252.4,0.7874304993252361,8.0
542,95.5,6.651685393258427,242.92230904183535,242.92230904183535,4.3745318352059925,F-33,ST-59A,2,2nd,137.9,252.4,0.7874304993252361,8.0
543,94.5,6.666666666666667,243.7097395411606,243.7097395411606,4.389513108614233,F-33,ST-59A,2,2nd,137.9,252.4,0.7874304993252361,8.0
544,94.5,6.681647940074907,243.7097395411606,243.7097395411606,4.404494382022472,F-33,ST-59A,2,2nd,137.9,252.4,0.7874304993252361,8.0
545,94.5,6.696629213483146,243.7097395411606,243.7097395411606,4.419475655430713,F-33,ST-59A,2,2nd,137.9,252.4,0.7874304993252361,8.0
546,94.5,6.711610486891386,243.7097395411606,243.7097395411606,4.4344569288389515,F-33,ST-59A,2,2nd,137.9,252.4,0.7874304993252361,8.0
547,94.5,6.726591760299626,243.7097395411606,243.7097395411606,4.449438202247192,F-33,ST-59A,2,2nd,137.9,252.4,0.7874304993252361,8.0
548,94.5,6.741573033707865,243.7097395411606,243.7097395411606,4.464419475655431,F-33,ST-59A,2,2nd,137.9,252.4,0.7874304993252361,8.0
549,95.5,6.7565543071161045,242.92230904183535,242.92230904183535,4.47940074906367,F-33,ST-59A,2,2nd,137.9,252.4,0.7874304993252361,8.0
550,95.5,6.771535580524344,242.92230904183535,242.92230904183535,4.49438202247191,F-33,ST-59A,2,2nd,137.9,252.4,0.7874304993252361,8.0
551,95.5,6.786516853932584,242.92230904183535,242.92230904183535,4.509363295880149,F-33,ST-59A,2,2nd,137.9,252.4,0.7874304993252361,8.0
552,95.5,6.801498127340824,242.92230904183535,242.92230904183535,4.52434456928839,F-33,ST-59A,2,2nd,137.9,252.4,0.7874304993252361,8.0
553,96.5,6.8164794007490634,242.1348785425101,242.1348785425101,4.539325842696629,F-33,ST-59A,2,2nd,137.9,252.4,0.7874304993252361,8.0
554,96.5,6.831460674157303,242.1348785425101,242.1348785425101,4.554307116104869,F-33,ST-59A,2,2nd,137.9,252.4,0.7874304993252361,8.0
555,96.5,6.846441947565543,242.1348785425101,242.1348785425101,4.569288389513108,F-33,ST-59A,2,2nd,137.9,252.4,0.7874304993252361,8.0
556,97.5,6.861423220973783,241.34744804318487,241.34744804318487,4.584269662921349,F-33,ST-59A,2,2nd,137.9,252.4,0.7874304993252361,8.0
557,97.5,6.876404494382022,241.34744804318487,241.34744804318487,4.599250936329588,F-33,ST-59A,2,2nd,137.9,252.4,0.7874304993252361,8.0
558,97.5,6.891385767790262,241.34744804318487,241.34744804318487,4.614232209737828,F-33,ST-59A,2,2nd,137.9,252.4,0.7874304993252361,8.0
559,97.5,6.906367041198502,241.34744804318487,241.34744804318487,4.629213483146067,F-33,ST-59A,2,2nd,137.9,252.4,0.7874304993252361,8.0
560,100.5,6.921348314606742,238.98515654520915,238.98515654520915,4.644194756554308,F-33,ST-59A,2,2nd,137.9,252.4,0.7874304993252361,8.0
561,100.5,6.936329588014981,238.98515654520915,238.98515654520915,4.659176029962547,F-33,ST-59A,2,2nd,137.9,252.4,0.7874304993252361,8.0
562,100.5,6.951310861423221,238.98515654520915,238.98515654520915,4.674157303370787,F-33,ST-59A,2,2nd,137.9,252.4,0.7874304993252361,8.0
563,101.5,6.966292134831461,238.19772604588394,238.19772604588394,4.689138576779026,F-33,ST-59A,2,2nd,137.9,252.4,0.7874304993252361,8.0
564,101.5,6.9812734082397006,238.19772604588394,238.19772604588394,4.704119850187267,F-33,ST-59A,2,2nd,137.9,252.4,0.7874304993252361,8.0
565,101.5,6.99625468164794,238.19772604588394,238.19772604588394,4.719101123595506,F-33,ST-59A,2,2nd,137.9,252.4,0.7874304993252361,8.0
566,101.5,7.01123595505618,238.19772604588394,238.19772604588394,4.734082397003746,F-33,ST-59A,2,2nd,137.9,252.4,0.7874304993252361,8.0
567,101.5,7.02621722846442,238.19772604588394,238.19772604588394,4.749063670411985,F-33,ST-59A,2,2nd,137.9,252.4,0.7874304993252361,8.0
568,101.5,7.0411985018726595,238.19772604588394,238.19772604588394,4.764044943820226,F-33,ST-59A,2,2nd,137.9,252.4,0.7874304993252361,8.0
569,101.5,7.056179775280899,238.19772604588394,238.19772604588394,4.7790262172284645,F-33,ST-59A,2,2nd,137.9,252.4,0.7874304993252361,8.0
570,101.0,7.071161048689139,238.59144129554653,238.59144129554653,4.794007490636705,F-33,ST-59A,2,2nd,137.9,252.4,0.7874304993252361,8.0
571,101.0,7.086142322097379,238.59144129554653,238.59144129554653,4.808988764044944,F-33,ST-59A,2,2nd,137.9,252.4,0.7874304993252361,8.0
572,101.0,7.101123595505618,238.59144129554653,238.59144129554653,4.823970037453183,F-33,ST-59A,2,2nd,137.9,252.4,0.7874304993252361,8.0
573,101.0,7.116104868913857,238.59144129554653,238.59144129554653,4.8389513108614235,F-33,ST-59A,2,2nd,137.9,252.4,0.7874304993252361,8.0
574,101.0,7.131086142322097,238.59144129554653,238.59144129554653,4.853932584269662,F-33,ST-59A,2,2nd,137.9,252.4,0.7874304993252361,8.0
575,101.0,7.146067415730337,238.59144129554653,238.59144129554653,4.868913857677903,F-33,ST-59A,2,2nd,137.9,252.4,0.7874304993252361,8.0
576,102.5,7.1610486891385765,237.4102955465587,237.4102955465587,4.883895131086142,F-33,ST-59A,2,2nd,137.9,252.4,0.7874304993252361,8.0
577,102.5,7.176029962546816,237.4102955465587,237.4102955465587,4.898876404494382,F-33,ST-59A,2,2nd,137.9,252.4,0.7874304993252361,8.0
578,102.5,7.191011235955056,237.4102955465587,237.4102955465587,4.913857677902621,F-33,ST-59A,2,2nd,137.9,252.4,0.7874304993252361,8.0
579,102.5,7.205992509363296,237.4102955465587,237.4102955465587,4.928838951310862,F-33,ST-59A,2,2nd,137.9,252.4,0.7874304993252361,8.0
580,104.5,7.2209737827715355,235.83543454790822,235.83543454790822,4.943820224719101,F-33,ST-59A,2,2nd,137.9,252.4,0.7874304993252361,8.0
581,104.5,7.235955056179775,235.83543454790822,235.83543454790822,4.958801498127341,F-33,ST-59A,2,2nd,137.9,252.4,0.7874304993252361,8.0
582,104.5,7.250936329588015,235.83543454790822,235.83543454790822,4.97378277153558,F-33,ST-59A,2,2nd,137.9,252.4,0.7874304993252361,8.0
583,106.5,7.265917602996255,234.26057354925774,234.26057354925774,4.988764044943821,F-33,ST-59A,2,2nd,137.9,252.4,0.7874304993252361,8.0
584,106.5,7.280898876404494,234.26057354925774,234.26057354925774,5.00374531835206,F-33,ST-59A,2,2nd,137.9,252.4,0.7874304993252361,8.0
585,106.5,7.295880149812734,234.26057354925774,234.26057354925774,5.0187265917603,F-33,ST-59A,2,2nd,137.9,252.4,0.7874304993252361,8.0
586,106.5,7.310861423220974,234.26057354925774,234.26057354925774,5.033707865168539,F-33,ST-59A,2,2nd,137.9,252.4,0.7874304993252361,8.0
587,106.5,7.325842696629214,234.26057354925774,234.26057354925774,5.04868913857678,F-33,ST-59A,2,2nd,137.9,252.4,0.7874304993252361,8.0
588,106.5,7.340823970037453,234.26057354925774,234.26057354925774,5.063670411985019,F-33,ST-59A,2,2nd,137.9,252.4,0.7874304993252361,8.0
589,106.5,7.355805243445693,234.26057354925774,234.26057354925774,5.078651685393259,F-33,ST-59A,2,2nd,137.9,252.4,0.7874304993252361,8.0
590,108.0,7.370786516853933,233.07942780026988,233.07942780026988,5.093632958801498,F-33,ST-59A,2,2nd,137.9,252.4,0.7874304993252361,8.0
591,108.0,7.385767790262173,233.07942780026988,233.07942780026988,5.108614232209739,F-33,ST-59A,2,2nd,137.9,252.4,0.7874304993252361,8.0
592,108.0,7.400749063670412,233.07942780026988,233.07942780026988,5.123595505617978,F-33,ST-59A,2,2nd,137.9,252.4,0.7874304993252361,8.0
593,108.0,7.415730337078652,233.07942780026988,233.07942780026988,5.138576779026218,F-33,ST-59A,2,2nd,137.9,252.4,0.7874304993252361,8.0
594,108.0,7.430711610486892,233.07942780026988,233.07942780026988,5.153558052434457,F-33,ST-59A,2,2nd,137.9,252.4,0.7874304993252361,8.0
595,108.0,7.4456928838951315,233.07942780026988,233.07942780026988,5.168539325842698,F-33,ST-59A,2,2nd,137.9,252.4,0.7874304993252361,8.0
596,108.5,7.46067415730337,232.68571255060726,232.68571255060726,5.1835205992509366,F-33,ST-59A,2,2nd,137.9,252.4,0.7874304993252361,8.0
597,108.5,7.47565543071161,232.68571255060726,232.68571255060726,5.198501872659175,F-33,ST-59A,2,2nd,137.9,252.4,0.7874304993252361,8.0
598,108.5,7.49063670411985,232.68571255060726,232.68571255060726,5.213483146067416,F-33,ST-59A,2,2nd,137.9,252.4,0.7874304993252361,8.0
599,108.5,7.50561797752809,232.68571255060726,232.68571255060726,5.228464419475655,F-33,ST-59A,2,2nd,137.9,252.4,0.7874304993252361,8.0
600,108.5,7.520599250936329,232.68571255060726,232.68571255060726,5.2434456928838955,F-33,ST-59A,2,2nd,137.9,252.4,0.7874304993252361,8.0
601,108.5,7.535580524344569,232.68571255060726,232.68571255060726,5.258426966292134,F-33,ST-59A,2,2nd,137.9,252.4,0.7874304993252361,8.0
602,108.5,7.550561797752809,232.68571255060726,232.68571255060726,5.273408239700375,F-33,ST-59A,2,2nd,137.9,252.4,0.7874304993252361,8.0
603,108.5,7.5655430711610485,232.68571255060726,232.68571255060726,5.288389513108614,F-33,ST-59A,2,2nd,137.9,252.4,0.7874304993252361,8.0
604,108.5,7.580524344569288,232.68571255060726,232.68571255060726,5.3033707865168545,F-33,ST-59A,2,2nd,137.9,252.4,0.7874304993252361,8.0
605,108.5,7.595505617977528,232.68571255060726,232.68571255060726,5.318352059925093,F-33,ST-59A,2,2nd,137.9,252.4,0.7874304993252361,8.0
606,111.0,7.610486891385768,230.7171363022942,230.7171363022942,5.333333333333334,F-33,ST-59A,2,2nd,137.9,252.4,0.7874304993252361,8.0
607,111.5,7.6254681647940075,230.32342105263157,230.32342105263157,5.348314606741573,F-33,ST-59A,2,2nd,137.9,252.4,0.7874304993252361,8.0
608,111.5,7.640449438202247,230.32342105263157,230.32342105263157,5.363295880149813,F-33,ST-59A,2,2nd,137.9,252.4,0.7874304993252361,8.0
609,111.5,7.655430711610487,230.32342105263157,230.32342105263157,5.378277153558052,F-33,ST-59A,2,2nd,137.9,252.4,0.7874304993252361,8.0
610,112.0,7.670411985018727,229.92970580296895,229.92970580296895,5.393258426966293,F-33,ST-59A,2,2nd,137.9,252.4,0.7874304993252361,8.0
611,112.0,7.685393258426966,229.92970580296895,229.92970580296895,5.408239700374532,F-33,ST-59A,2,2nd,137.9,252.4,0.7874304993252361,8.0
612,112.0,7.700374531835206,229.92970580296895,229.92970580296895,5.423220973782772,F-33,ST-59A,2,2nd,137.9,252.4,0.7874304993252361,8.0
613,112.5,7.715355805243446,229.53599055330633,229.53599055330633,5.438202247191011,F-33,ST-59A,2,2nd,137.9,252.4,0.7874304993252361,8.0
614,114.5,7.730337078651686,227.96112955465586,227.96112955465586,5.453183520599252,F-33,ST-59A,2,2nd,137.9,252.4,0.7874304993252361,8.0
615,114.5,7.745318352059925,227.96112955465586,227.96112955465586,5.468164794007491,F-33,ST-59A,2,2nd,137.9,252.4,0.7874304993252361,8.0
616,114.5,7.760299625468165,227.96112955465586,227.96112955465586,5.483146067415731,F-33,ST-59A,2,2nd,137.9,252.4,0.7874304993252361,8.0
617,114.5,7.775280898876405,227.96112955465586,227.96112955465586,5.49812734082397,F-33,ST-59A,2,2nd,137.9,252.4,0.7874304993252361,8.0
618,114.5,7.790262172284645,227.96112955465586,227.96112955465586,5.513108614232211,F-33,ST-59A,2,2nd,137.9,252.4,0.7874304993252361,8.0
619,114.5,7.805243445692884,227.96112955465586,227.96112955465586,5.52808988764045,F-33,ST-59A,2,2nd,137.9,252.4,0.7874304993252361,8.0
620,114.5,7.820224719101123,227.96112955465586,227.96112955465586,5.5430711610486885,F-33,ST-59A,2,2nd,137.9,252.4,0.7874304993252361,8.0
621,114.5,7.835205992509363,227.96112955465586,227.96112955465586,5.558052434456929,F-33,ST-59A,2,2nd,137.9,252.4,0.7874304993252361,8.0
622,114.5,7.850187265917603,227.96112955465586,227.96112955465586,5.573033707865168,F-33,ST-59A,2,2nd,137.9,252.4,0.7874304993252361,8.0
623,114.5,7.865168539325842,227.96112955465586,227.96112955465586,5.588014981273409,F-33,ST-59A,2,2nd,137.9,252.4,0.7874304993252361,8.0
624,116.0,7.880149812734082,226.779983805668,227.96112955465586,5.602996254681647,F-33,ST-59A,2,2nd,137.9,252.4,0.7874304993252361,8.0
