model,heldout_tube,figure_id,specimen_id,stage,stage_index,tube_id,soil_type,test_family,strain_confidence,q_obs_kPa,q_pred_kPa,eps_peak_obs_pct,eps_peak_pred_pct,lambda_obs,lambda_pred,alpha_q,alpha_eps,alpha_lambda
Mechanical,ST-114,F-15,ST-114B,single,1,ST-114,SC,single_stage,high_tick_calibrated,336.5,274.1176997321018,8.1453154875717,5.599550075017381,4.8539267088666485,2.674770836794182,1.0,1.0,10.0
Mechanical,ST-116,F-16,ST-116E,single,1,ST-116,SC,single_stage,high_tick_calibrated,392.3,428.7550981286852,11.566539923954371,7.272812251708291,2.959998017471398,2.270447592069433,1.0,1.0,10.0
Mechanical,ST-124,F-9,ST-124,single,1,ST-124,MH,single_stage,high_tick_calibrated,353.0,390.04854494239515,11.518164435946462,6.020002873113697,4.883285495342041,2.235272372030177,1.0,1.0,10.0
Mechanical,ST-30,F-38,ST-30,1st,1,ST-30,ML,multistage,template_axis,133.6,222.47471728722184,1.696060037523452,2.1889116756389226,1.6491763454832764,2.5412220005767785,1.0,1.0,10.0
Mechanical,ST-30,F-38,ST-30,2nd,2,ST-30,ML,multistage,template_axis,196.2,222.47471728722184,1.425891181988743,2.1889116756389226,3.2244432717467917,2.5412220005767785,1.0,1.0,10.0
Mechanical,ST-30,F-38,ST-30,3rd,3,ST-30,ML,multistage,template_axis,311.9,311.3600491538959,4.352720450281426,2.812287194022401,6.9593164574219495,2.1474584332153994,1.0,1.0,10.0
Mechanical,ST-34,F-42,ST-34A,1st,1,ST-34,ML,multistage,template_axis,253.3,294.6409390203302,3.191176470588235,2.6769191599143483,0.8394293125089781,2.1836470664656296,1.0,1.0,10.0
Mechanical,ST-34,F-42,ST-34A,2nd,2,ST-34,ML,multistage,template_axis,316.1,294.6409390203302,2.235294117647059,2.6769191599143483,1.8758311226981628,2.1836470664656296,1.0,1.0,10.0
Mechanical,ST-34,F-42,ST-34A,3rd,3,ST-34,ML,multistage,template_axis,351.2,294.6409390203302,1.9705882352941175,2.6769191599143483,1.6050854626952324,2.1836470664656296,1.0,1.0,10.0
Mechanical,ST-34,F-43,ST-34B,1st,1,ST-34,ML,multistage,template_axis,173.4,214.27316363896503,2.4261036468330137,2.0910437431345925,3.9567450278405656,2.5240941530043073,1.0,1.0,10.0
Mechanical,ST-34,F-43,ST-34B,2nd,2,ST-34,ML,multistage,template_axis,254.0,294.6409390203302,3.777351247600768,2.6769191599143483,7.373968690134767,2.1836470664656296,1.0,1.0,10.0
Mechanical,ST-34,F-43,ST-34B,3rd,3,ST-34,ML,multistage,template_axis,288.9,294.6409390203302,3.408829174664107,2.6769191599143483,5.5596230439567575,2.1836470664656296,1.0,1.0,10.0
Mechanical,ST-36,F-2,ST-36,single,1,ST-36,MH,single_stage,template_axis,264.5,172.1639364660229,3.81021897810219,3.504719452212389,3.627790225091772,3.3634864430743567,1.0,1.0,10.0
Mechanical,ST-37,F-22,ST-37A,1st,1,ST-37,MH,multistage,template_axis,177.4,161.64003832842644,2.564102564102564,3.5281944986704623,6.672003767195702,3.2734770509285562,0.1,1.0,10.0
Mechanical,ST-37,F-22,ST-37A,2nd,2,ST-37,MH,multistage,template_axis,195.6,161.64003832842644,1.8608058608058609,3.5281944986704623,4.10143687937546,3.2734770509285562,0.1,1.0,10.0
Mechanical,ST-37,F-23,ST-37B,1st,1,ST-37,MH,multistage,template_axis,177.2,161.64003832842644,2.298507462686567,3.5281944986704623,0.4215882052684649,3.2734770509285562,0.1,1.0,10.0
Mechanical,ST-37,F-23,ST-37B,2nd,2,ST-37,MH,multistage,template_axis,197.2,161.64003832842644,4.447761194029851,3.5281944986704623,19.886564797092525,3.2734770509285562,0.1,1.0,10.0
Mechanical,ST-38,F-24,ST-38A,1st,1,ST-38,MH,multistage,template_axis,186.5,176.76315472625728,3.123388581952118,3.6148932515447876,1.2496247645913257,3.5234797834167253,1.0,1.0,10.0
Mechanical,ST-38,F-24,ST-38A,2nd,2,ST-38,MH,multistage,template_axis,180.1,176.76315472625728,1.6206261510128912,3.6148932515447876,0.4890032749721647,3.5234797834167253,1.0,1.0,10.0
Mechanical,ST-38,F-25,ST-38B,1st,1,ST-38,MH,multistage,template_axis,103.4,176.76315472625728,3.02367941712204,3.6148932515447876,2.3016770387936343,3.5234797834167253,1.0,1.0,10.0
Mechanical,ST-38,F-25,ST-38B,2nd,2,ST-38,MH,multistage,template_axis,195.1,176.76315472625728,4.772313296903461,3.6148932515447876,10.112043339491516,3.5234797834167253,1.0,1.0,10.0
Mechanical,ST-39,F-26,ST-39A,1st,1,ST-39,MH,multistage,template_axis,146.1,167.85488327528964,2.6867924528301885,3.563084910357446,1.9610426945079364,3.4619244212164766,1.0,1.0,10.0
Mechanical,ST-39,F-26,ST-39A,2nd,2,ST-39,MH,multistage,template_axis,166.2,167.85488327528964,1.9169811320754715,3.563084910357446,4.66495355862502,3.4619244212164766,1.0,1.0,10.0
Mechanical,ST-39,F-27,ST-39B,1st,1,ST-39,MH,multistage,template_axis,143.5,185.2375547214871,1.922365988909427,3.8274330862865638,1.4067517893306432,3.3184788358768857,1.0,1.0,10.0
Mechanical,ST-39,F-27,ST-39B,2nd,2,ST-39,MH,multistage,template_axis,207.3,185.2375547214871,4.273567467652495,3.8274330862865638,6.966261665786128,3.3184788358768857,1.0,1.0,10.0
Mechanical,ST-40,F-4,ST-40,single,1,ST-40,MH,single_stage,high_tick_calibrated,160.0,184.33218444575138,6.146892655367233,3.588997342821098,8.971136384189133,3.206676859115882,1.0,1.0,10.0
Mechanical,ST-42,F-5,ST-42,single,1,ST-42,MH,single_stage,template_axis,200.5,248.9385511466357,11.37313432835821,4.419948564423702,3.2681003689619574,2.8976922683141924,1.0,1.0,10.0
Mechanical,ST-43,F-6,ST-43,single,1,ST-43,MH,single_stage,high_tick_calibrated,388.9,296.65046361561684,5.506692160611855,5.308961899762214,2.261567493320885,2.681292509634457,1.0,1.0,10.0
Mechanical,ST-47,F-8,ST-47,single,1,ST-47,MH,single_stage,high_tick_calibrated,292.8,258.24766086116233,10.27289719626168,4.599590472391845,4.54764495335301,2.8037154604248458,1.0,1.0,10.0
Mechanical,ST-49,F-28,ST-49A,1st,1,ST-49,MH,multistage,template_axis,168.2,170.80205519362087,2.3670411985018727,3.694144779041167,1.489966116109284,3.733884442718312,1.0,1.0,10.0
Mechanical,ST-49,F-28,ST-49A,2nd,2,ST-49,MH,multistage,template_axis,202.7,170.80205519362087,2.411985018726591,3.694144779041167,2.8786560593800843,3.733884442718312,1.0,1.0,10.0
Mechanical,ST-49,F-29,ST-49B,1st,1,ST-49,MH,multistage,template_axis,111.7,170.80205519362087,2.317757009345794,3.694144779041167,0.8026491123809197,3.733884442718312,1.0,1.0,10.0
Mechanical,ST-49,F-29,ST-49B,2nd,2,ST-49,MH,multistage,template_axis,169.6,170.80205519362087,2.332710280373832,3.694144779041167,2.270240188178077,3.733884442718312,1.0,1.0,10.0
Mechanical,ST-49,F-29,ST-49B,3rd,3,ST-49,MH,multistage,template_axis,206.2,170.80205519362087,3.0205607476635516,3.694144779041167,2.688521864717334,3.733884442718312,1.0,1.0,10.0
Mechanical,ST-50,F-10,ST-50,single,1,ST-50,MH,single_stage,high_tick_calibrated,197.2,192.72643711651028,11.3648393194707,3.663747823743135,14.441041006119924,3.099686018994786,1.0,1.0,10.0
Mechanical,ST-51,F-30,ST-51,1st,1,ST-51,MH,multistage,template_axis,159.3,193.81269957280747,2.224677716390423,3.8240438884900136,5.657304106068023,3.0656754121325664,1.0,1.0,10.0
Mechanical,ST-51,F-30,ST-51,2nd,2,ST-51,MH,multistage,template_axis,200.0,193.81269957280747,4.876611418047882,3.8240438884900136,12.216873697615233,3.0656754121325664,1.0,1.0,10.0
Mechanical,ST-52,F-31,ST-52,1st,1,ST-52,MH,multistage,template_axis,215.5,222.79639055905068,3.4327808471454877,4.361033643756203,0.8348914135744603,3.1147912973041167,1.0,1.0,10.0
Mechanical,ST-52,F-31,ST-52,2nd,2,ST-52,MH,multistage,template_axis,266.3,222.79639055905068,2.327808471454881,4.361033643756203,2.893835924631728,3.1147912973041167,1.0,1.0,10.0
Mechanical,ST-53,F-11,ST-53,single,1,ST-53,MH,single_stage,high_tick_calibrated,202.7,262.2510452006567,10.732075471698112,4.591185061984861,2.646284637776997,2.850620065214858,1.0,1.0,10.0
Mechanical,ST-54,F-12,ST-54,single,1,ST-54,MH,single_stage,high_tick_calibrated,239.9,281.8598778357607,11.574626865671643,4.823949973042141,2.1779328605345136,2.7742528142915774,1.0,1.0,10.0
Mechanical,ST-57,F-32,ST-57,1st,1,ST-57,ML,multistage,template_axis,318.4,400.32087452429033,3.020257826887661,3.687288447423603,0.7670144749911346,2.1525899899398726,1.0,1.0,10.0
Mechanical,ST-57,F-32,ST-57,2nd,2,ST-57,ML,multistage,template_axis,366.5,400.32087452429033,1.561694290976059,3.687288447423603,1.0882572405101605,2.1525899899398726,1.0,1.0,10.0
Mechanical,ST-57,F-32,ST-57,3rd,3,ST-57,ML,multistage,template_axis,377.8,400.32087452429033,1.1639042357274405,3.687288447423603,0.363409368061785,2.1525899899398726,1.0,1.0,10.0
Mechanical,ST-59,F-13,ST-59B,single,1,ST-59,SC,single_stage,high_tick_calibrated,175.1,180.28390468635467,3.8382352941176463,6.012882446627013,2.1939377982437227,3.953405524661926,1.0,1.0,10.0
Mechanical,ST-59,F-33,ST-59A,1st,1,ST-59,SC,multistage,template_axis,136.5,180.28390468635467,2.5018726591760303,6.012882446627013,0.5971660063513222,3.953405524661926,1.0,1.0,10.0
Mechanical,ST-59,F-33,ST-59A,2nd,2,ST-59,SC,multistage,template_axis,252.4,180.28390468635467,2.1872659176029967,6.012882446627013,4.346558774498098,3.953405524661926,1.0,1.0,10.0
Mechanical,ST-60,F-14,ST-60,single,1,ST-60,SC,single_stage,high_tick_calibrated,175.1,182.1711149754508,9.550561797752808,3.6532930576933067,5.921130160238131,3.2341879510532845,1.0,1.0,10.0
Mechanical,ST-62,F-35,ST-62,1st,1,ST-62,ML,multistage,template_axis,174.4,208.1708373412342,2.339622641509434,2.0826337281654217,2.444090507019552,2.6488965769414228,1.0,1.0,10.0
Mechanical,ST-62,F-35,ST-62,2nd,2,ST-62,ML,multistage,template_axis,218.6,208.1708373412342,1.6905660377358491,2.0826337281654217,2.5206470266803382,2.6488965769414228,1.0,1.0,10.0
Mechanical,ST-64,F-36,ST-64,1st,1,ST-64,ML,multistage,template_axis,237.9,266.1044118408088,2.3547169811320754,2.5638936504134606,1.877808970267375,2.3869266328878327,1.0,1.0,10.0
Mechanical,ST-64,F-36,ST-64,2nd,2,ST-64,ML,multistage,template_axis,257.9,266.1044118408088,0.9811320754716985,2.5638936504134606,1.5614651664373538,2.3869266328878327,1.0,1.0,10.0
Mechanical,ST-65,F-17,ST-65A,single,1,ST-65,ML,single_stage,template_axis,388.2,274.79582896172775,4.301886792452829,2.551218364055569,0.8019182154275645,2.3641783707020307,1.0,1.0,10.0
Mechanical,ST-65,F-18,ST-65B,single,1,ST-65,ML,single_stage,high_tick_calibrated,432.3,311.0648441804538,4.130019120458891,2.8031577081936545,1.3438884305385317,2.234133919173995,1.0,1.0,10.0
Mechanical,ST-74,F-40,ST-74,1st,1,ST-74,ML,multistage,template_axis,272.0,237.56943899345927,3.625468164794007,2.29963711009994,1.1040411088271778,2.503546783216272,1.0,1.0,10.0
Mechanical,ST-74,F-40,ST-74,2nd,2,ST-74,ML,multistage,template_axis,321.7,237.56943899345927,2.1573033707865172,2.29963711009994,2.591537319871672,2.503546783216272,1.0,1.0,10.0
Mechanical,ST-75,F-19,ST-75,single,1,ST-75,ML,single_stage,high_tick_calibrated,281.3,264.8910560659895,6.79035250463822,2.4479795923228305,2.031135401407161,2.3655144752635695,1.0,1.0,10.0
Mechanical,ST-77,F-20,ST-77,single,1,ST-77,ML,single_stage,high_tick_calibrated,315.8,251.19828648638173,4.37593984962406,2.377861432861805,8.478443441583133,2.342788900384836,1.0,1.0,10.0
Mechanical,ST-79,F-44,ST-79A,1st,1,ST-79,ML,multistage,template_axis,319.5,290.00904948116,3.756906077348066,2.7182900474164753,0.6177995977893,2.2749440072650504,0.1,1.0,10.0
Mechanical,ST-79,F-44,ST-79A,2nd,2,ST-79,ML,multistage,template_axis,357.2,234.51031616243847,2.1510128913443833,2.331294461573829,1.7422327959612514,2.5421152456956233,0.1,1.0,10.0
Mechanical,ST-79,F-44,ST-79A,3rd,3,ST-79,ML,multistage,template_axis,383.5,234.51031616243847,1.9152854511970536,2.331294461573829,0.792674685525182,2.5421152456956233,0.1,1.0,10.0
Mechanical,ST-79,F-45,ST-79B,1st,1,ST-79,ML,multistage,template_axis,288.6,444.2031679179448,3.285171102661597,3.69979961108388,0.9558105466274732,1.797941065687068,0.1,1.0,10.0
Mechanical,ST-79,F-45,ST-79B,2nd,2,ST-79,ML,multistage,template_axis,374.9,444.2031679179448,2.7528517110266155,3.69979961108388,4.966015388666184,1.797941065687068,0.1,1.0,10.0
Mechanical,ST-79,F-45,ST-79B,3rd,3,ST-79,ML,multistage,template_axis,469.1,399.290636608896,3.7110266159695815,3.4253708737484163,4.633469921988288,1.9102472777247146,0.1,1.0,10.0
Mechanical,ST-80,F-46,ST-80A,1st,1,ST-80,ML,multistage,template_axis,409.1,434.87622055140696,4.285714285714286,4.352903746382572,0.8578195921316184,2.029976370301998,1.0,1.0,10.0
Mechanical,ST-80,F-46,ST-80A,2nd,2,ST-80,ML,multistage,template_axis,500.6,434.87622055140696,2.5112781954887216,4.352903746382572,2.0571599585960754,2.029976370301998,1.0,1.0,10.0
Mechanical,ST-80,F-46,ST-80A,3rd,3,ST-80,ML,multistage,template_axis,550.9,434.87622055140696,2.571428571428571,4.352903746382572,2.1624908445117144,2.029976370301998,1.0,1.0,10.0
Mechanical,ST-80,F-47,ST-80B,1st,1,ST-80,ML,multistage,template_axis,234.3,252.9037563507635,3.575091575091575,2.500088053761852,1.2102026607822007,2.4943237517345938,1.0,1.0,10.0
Mechanical,ST-80,F-47,ST-80B,2nd,2,ST-80,ML,multistage,template_axis,297.9,375.04046567891345,1.3772893772893773,3.7412196686548747,0.963619005993249,2.150285089937018,1.0,1.0,10.0
Mechanical,ST-80,F-47,ST-80B,3rd,3,ST-80,ML,multistage,template_axis,389.9,375.04046567891345,2.578754578754579,3.7412196686548747,2.8412470777208414,2.150285089937018,1.0,1.0,10.0
Mechanical,ST-80,F-47,ST-80B,4th,4,ST-80,ML,multistage,template_axis,468.8,504.2584587738506,1.655677655677656,5.064597298047442,0.9235575304172198,1.9142622151609816,1.0,1.0,10.0
Mechanical,ST-81,F-37,ST-81,1st,1,ST-81,ML,multistage,template_axis,150.1,182.39492035315098,2.590909090909091,1.7915579597590197,2.0879595144460916,2.873148898803545,1.0,1.0,10.0
Mechanical,ST-81,F-37,ST-81,2nd,2,ST-81,ML,multistage,template_axis,163.6,182.39492035315098,1.8333333333333333,1.7915579597590197,2.8101903466204847,2.873148898803545,1.0,1.0,10.0
Mechanical,ST-81,F-37,ST-81,3rd,3,ST-81,ML,multistage,template_axis,199.6,210.778395232095,2.454545454545454,2.0192771282706783,1.9766773456262745,2.679993218837413,1.0,1.0,10.0
Mechanical,ST-81,F-37,ST-81,4th,4,ST-81,ML,multistage,template_axis,236.9,243.57877845828799,2.333333333333333,2.2759409476797137,3.122536890156355,2.496470299624348,1.0,1.0,10.0
Mechanical,ST-83,F-39,ST-83,1st,1,ST-83,ML,multistage,template_axis,161.7,209.75011046899667,2.4842883548983363,1.9979325753587724,5.858299354618212,2.4517327419342134,1.0,1.0,10.0
Mechanical,ST-83,F-39,ST-83,2nd,2,ST-83,ML,multistage,template_axis,190.9,209.75011046899667,3.4750462107208873,1.9979325753587724,8.57722857627614,2.4517327419342134,1.0,1.0,10.0
Mechanical,ST-83,F-39,ST-83,3rd,3,ST-83,ML,multistage,template_axis,217.4,209.75011046899667,2.410351201478743,1.9979325753587724,2.547331618927098,2.4517327419342134,1.0,1.0,10.0
Mechanical,ST-85,F-21,ST-85,single,1,ST-85,ML,single_stage,high_tick_calibrated,330.3,323.32216692021404,4.6654205607476635,2.8795568958515196,1.4672078511482505,2.1671975653978173,1.0,1.0,10.0
Mechanical,ST-87,F-41,ST-87,1st,1,ST-87,ML,multistage,template_axis,318.0,355.17173314075177,4.584103512014787,3.1362916615595227,0.9748019156223556,2.0499325238791757,1.0,1.0,10.0
Mechanical,ST-87,F-41,ST-87,2nd,2,ST-87,ML,multistage,template_axis,388.2,355.17173314075177,2.484288354898336,3.1362916615595227,2.2698644913442263,2.0499325238791757,1.0,1.0,10.0
Mechanical,ST-87,F-41,ST-87,3rd,3,ST-87,ML,multistage,template_axis,443.3,355.17173314075177,2.853974121996303,3.1362916615595227,3.387075528012156,2.0499325238791757,1.0,1.0,10.0
Mechanical,ST-91,F-3,ST-91,single,1,ST-91,MH,single_stage,template_axis,187.5,237.0520928100631,6.278293135435993,4.35386748271649,2.621411436301523,2.9781983546570117,1.0,1.0,10.0
Mechanical,ST-94,F-7,ST-94,single,1,ST-94,MH,single_stage,high_tick_calibrated,433.7,317.88793936735595,6.433460076045627,5.577399980659101,3.5732464553547727,2.5316812555931336,1.0,1.0,10.0
Suction,ST-114,F-15,ST-114B,single,1,ST-114,SC,single_stage,high_tick_calibrated,336.5,282.56760090863725,8.1453154875717,5.43400587422757,4.8539267088666485,2.7014307306010914,1.0,1.0,10.0
Suction,ST-116,F-16,ST-116E,single,1,ST-116,SC,single_stage,high_tick_calibrated,392.3,404.06345105904694,11.566539923954371,7.696159449984323,2.959998017471398,2.022981494844461,1.0,1.0,10.0
Suction,ST-124,F-9,ST-124,single,1,ST-124,MH,single_stage,high_tick_calibrated,353.0,432.11133216284094,11.518164435946462,5.42121270470452,4.883285495342041,2.5010740330036034,1.0,1.0,10.0
Suction,ST-30,F-38,ST-30,1st,1,ST-30,ML,multistage,template_axis,133.6,183.41924118955689,1.696060037523452,2.751985597812764,1.6491763454832764,1.941301126090784,1.0,1.0,10.0
Suction,ST-30,F-38,ST-30,2nd,2,ST-30,ML,multistage,template_axis,196.2,207.6448632714141,1.425891181988743,2.375505995771685,3.2244432717467917,2.327596845767409,1.0,1.0,10.0
Suction,ST-30,F-38,ST-30,3rd,3,ST-30,ML,multistage,template_axis,311.9,309.3703352996092,4.352720450281426,2.8337489857846325,6.9593164574219495,2.123262583238977,1.0,1.0,10.0
Suction,ST-34,F-42,ST-34A,1st,1,ST-34,ML,multistage,template_axis,253.3,250.37774224751757,3.191176470588235,3.119111918129201,0.8394293125089781,1.6322743812895586,1.0,1.0,10.0
Suction,ST-34,F-42,ST-34A,2nd,2,ST-34,ML,multistage,template_axis,316.1,268.03191634066735,2.235294117647059,2.925773176717975,1.8758311226981628,1.851379066591561,1.0,1.0,10.0
Suction,ST-34,F-42,ST-34A,3rd,3,ST-34,ML,multistage,template_axis,351.2,293.52216458241895,1.9705882352941175,2.686500434719422,1.6050854626952324,2.172147380415195,1.0,1.0,10.0
Suction,ST-34,F-43,ST-34B,1st,1,ST-34,ML,multistage,template_axis,173.4,171.01513116449883,2.4261036468330137,2.584267658745513,3.9567450278405656,1.7344617178953254,1.0,1.0,10.0
Suction,ST-34,F-43,ST-34B,2nd,2,ST-34,ML,multistage,template_axis,254.0,250.37774224751757,3.777351247600768,3.119111918129201,7.373968690134767,1.6322743812895586,1.0,1.0,10.0
Suction,ST-34,F-43,ST-34B,3rd,3,ST-34,ML,multistage,template_axis,288.9,268.03191634066735,3.408829174664107,2.925773176717975,5.5596230439567575,1.851379066591561,1.0,1.0,10.0
Suction,ST-36,F-2,ST-36,single,1,ST-36,MH,single_stage,template_axis,264.5,217.32203315390117,3.81021897810219,2.706927893627699,3.627790225091772,4.571846869825689,1.0,1.0,10.0
Suction,ST-37,F-22,ST-37A,1st,1,ST-37,MH,multistage,template_axis,177.4,165.82275826860345,2.564102564102564,3.4701182746387174,6.672003767195702,2.9671831627751217,1.0,1.0,100.0
Suction,ST-37,F-22,ST-37A,2nd,2,ST-37,MH,multistage,template_axis,195.6,189.17144911665596,1.8608058608058609,3.061936608350449,4.10143687937546,3.2006401208099504,1.0,1.0,100.0
Suction,ST-37,F-23,ST-37B,1st,1,ST-37,MH,multistage,template_axis,177.2,171.40208272386477,2.298507462686567,3.362727063152255,0.4215882052684649,3.02457986322304,1.0,1.0,100.0
Suction,ST-37,F-23,ST-37B,2nd,2,ST-37,MH,multistage,template_axis,197.2,189.17144911665596,4.447761194029851,3.061936608350449,19.886564797092525,3.2006401208099504,1.0,1.0,100.0
Suction,ST-38,F-24,ST-38A,1st,1,ST-38,MH,multistage,template_axis,186.5,175.45309321515126,3.123388581952118,3.6409820639423196,1.2496247645913257,3.523515234863392,1.0,1.0,10.0
Suction,ST-38,F-24,ST-38A,2nd,2,ST-38,MH,multistage,template_axis,180.1,212.67349995218498,1.6206261510128912,3.0230844458364485,0.4890032749721647,4.652088983768347,1.0,1.0,10.0
Suction,ST-38,F-25,ST-38B,1st,1,ST-38,MH,multistage,template_axis,103.4,147.91997312848105,3.02367941712204,4.2942021741433205,2.3016770387936343,2.7123336108796376,1.0,1.0,10.0
Suction,ST-38,F-25,ST-38B,2nd,2,ST-38,MH,multistage,template_axis,195.1,183.11681159877713,4.772313296903461,3.493574726740896,10.112043339491516,3.753048706431358,1.0,1.0,10.0
Suction,ST-39,F-26,ST-39A,1st,1,ST-39,MH,multistage,template_axis,146.1,154.2479971243749,2.6867924528301885,3.9095401916532326,1.9610426945079364,3.188314928979959,1.0,1.0,10.0
Suction,ST-39,F-26,ST-39A,2nd,2,ST-39,MH,multistage,template_axis,166.2,168.22988670961604,1.9169811320754715,3.554367775925588,4.66495355862502,3.5043847427677335,1.0,1.0,10.0
Suction,ST-39,F-27,ST-39B,1st,1,ST-39,MH,multistage,template_axis,143.5,173.28063803795,1.922365988909427,4.118284320790621,1.4067517893306432,3.107886290967192,1.0,1.0,10.0
Suction,ST-39,F-27,ST-39B,2nd,2,ST-39,MH,multistage,template_axis,207.3,203.98359523250903,4.273567467652495,3.443128935723292,6.966261665786128,3.709981198785547,1.0,1.0,10.0
Suction,ST-40,F-4,ST-40,single,1,ST-40,MH,single_stage,high_tick_calibrated,160.0,160.73016041917955,6.146892655367233,4.069493987514907,8.971136384189133,2.640347353037825,1.0,1.0,100.0
Suction,ST-42,F-5,ST-42,single,1,ST-42,MH,single_stage,template_axis,200.5,219.30125580337995,11.37313432835821,4.939663038561495,3.2681003689619574,2.4553530926347222,1.0,1.0,10.0
Suction,ST-43,F-6,ST-43,single,1,ST-43,MH,single_stage,high_tick_calibrated,388.9,262.66461429962914,5.506692160611855,5.952231303346305,2.261567493320885,2.299053418465415,1.0,1.0,10.0
Suction,ST-47,F-8,ST-47,single,1,ST-47,MH,single_stage,high_tick_calibrated,292.8,288.6702783305777,10.27289719626168,4.079901623588598,4.54764495335301,3.198972990094864,1.0,1.0,10.0
Suction,ST-49,F-28,ST-49A,1st,1,ST-49,MH,multistage,template_axis,168.2,169.74604652840102,2.3670411985018727,3.7192933030661637,1.489966116109284,3.7385651292481237,1.0,1.0,10.0
Suction,ST-49,F-28,ST-49A,2nd,2,ST-49,MH,multistage,template_axis,202.7,194.68515838633297,2.411985018726591,3.2013496986804206,2.8786560593800843,4.431282703768628,1.0,1.0,10.0
Suction,ST-49,F-29,ST-49B,1st,1,ST-49,MH,multistage,template_axis,111.7,146.51800675656804,2.317757009345794,4.368922886382539,0.8026491123809197,3.092947878496371,1.0,1.0,10.0
Suction,ST-49,F-29,ST-49B,2nd,2,ST-49,MH,multistage,template_axis,169.6,177.05050510741978,2.332710280373832,3.55175966347074,2.270240188178077,3.941502610176717,1.0,1.0,10.0
Suction,ST-49,F-29,ST-49B,3rd,3,ST-49,MH,multistage,template_axis,206.2,205.18160701954696,3.0205607476635516,3.022627086925087,2.688521864717334,4.722708720660484,1.0,1.0,10.0
Suction,ST-50,F-10,ST-50,single,1,ST-50,MH,single_stage,high_tick_calibrated,197.2,185.8713319404776,11.3648393194707,3.7894324588669064,14.441041006119924,2.980454094293558,1.0,1.0,10.0
Suction,ST-51,F-30,ST-51,1st,1,ST-51,MH,multistage,template_axis,159.3,176.93988291164285,2.224677716390423,4.211019737588963,5.657304106068023,2.7581128542765216,1.0,1.0,10.0
Suction,ST-51,F-30,ST-51,2nd,2,ST-51,MH,multistage,template_axis,200.0,204.10784179806356,4.876611418047882,3.6202116906350628,12.216873697615233,3.286218125827367,1.0,1.0,10.0
Suction,ST-52,F-31,ST-52,1st,1,ST-52,MH,multistage,template_axis,215.5,198.94428898092116,3.4327808471454877,4.8881243625354385,0.8348914135744603,2.7475139049729336,1.0,1.0,10.0
Suction,ST-52,F-31,ST-52,2nd,2,ST-52,MH,multistage,template_axis,266.3,220.09937016487635,2.327808471454881,4.414883464978172,2.893835924631728,3.0843676594038243,1.0,1.0,10.0
Suction,ST-53,F-11,ST-53,single,1,ST-53,MH,single_stage,high_tick_calibrated,202.7,238.53995380600145,10.732075471698112,5.006923079256845,2.646284637776997,2.5220939210214053,1.0,1.0,10.0
Suction,ST-54,F-12,ST-54,single,1,ST-54,MH,single_stage,high_tick_calibrated,239.9,256.5606259338393,11.574626865671643,5.252654000564353,2.1779328605345136,2.4564948103844233,1.0,1.0,10.0
Suction,ST-57,F-32,ST-57,1st,1,ST-57,ML,multistage,template_axis,318.4,370.25170709712506,3.020257826887661,3.948066327684244,0.7670144749911346,2.2269955418647185,1.0,1.0,100.0
Suction,ST-57,F-32,ST-57,2nd,2,ST-57,ML,multistage,template_axis,366.5,409.3924433885778,1.561694290976059,3.615684475221784,1.0882572405101605,2.3933256347887286,1.0,1.0,100.0
Suction,ST-57,F-32,ST-57,3rd,3,ST-57,ML,multistage,template_axis,377.8,437.71175875972324,1.1639042357274405,3.410113630983221,0.363409368061785,2.508759421214042,1.0,1.0,100.0
Suction,ST-59,F-13,ST-59B,single,1,ST-59,SC,single_stage,high_tick_calibrated,175.1,182.59681908508455,3.8382352941176463,5.93480489650867,2.1939377982437227,3.923092865340005,1.0,1.0,10.0
Suction,ST-59,F-33,ST-59A,1st,1,ST-59,SC,multistage,template_axis,136.5,155.86832379876677,2.5018726591760303,6.980397365737668,0.5971660063513222,3.3181829984791884,1.0,1.0,10.0
Suction,ST-59,F-33,ST-59A,2nd,2,ST-59,SC,multistage,template_axis,252.4,223.13911265169847,2.1872659176029967,4.831940581400501,4.346558774498098,4.812632861081215,1.0,1.0,10.0
Suction,ST-60,F-14,ST-60,single,1,ST-60,SC,single_stage,high_tick_calibrated,175.1,170.78345086671095,9.550561797752808,3.8769585101094486,5.921130160238131,2.9581340148891404,1.0,1.0,10.0
Suction,ST-62,F-35,ST-62,1st,1,ST-62,ML,multistage,template_axis,174.4,188.5395717433357,2.339622641509434,2.2949003646355224,2.444090507019552,2.3465677610656672,1.0,1.0,10.0
Suction,ST-62,F-35,ST-62,2nd,2,ST-62,ML,multistage,template_axis,218.6,205.9073990683654,1.6905660377358491,2.1050635101747712,2.5206470266803382,2.6342927968527223,1.0,1.0,10.0
Suction,ST-64,F-36,ST-64,1st,1,ST-64,ML,multistage,template_axis,237.9,247.1981294585169,2.3547169811320754,2.749637924496982,1.877808970267375,2.1637719422624353,1.0,1.0,10.0
Suction,ST-64,F-36,ST-64,2nd,2,ST-64,ML,multistage,template_axis,257.9,276.1936267624228,0.9811320754716985,2.474925811126352,1.5614651664373538,2.508509432708901,1.0,1.0,10.0
Suction,ST-65,F-17,ST-65A,single,1,ST-65,ML,single_stage,template_axis,388.2,253.09194938358544,4.301886792452829,2.741148364771615,0.8019182154275645,2.4143404049147232,1.0,1.0,100.0
Suction,ST-65,F-18,ST-65B,single,1,ST-65,ML,single_stage,high_tick_calibrated,432.3,293.34531482325957,4.130019120458891,2.950380350707991,1.3438884305385317,2.3493448099336347,1.0,1.0,100.0
Suction,ST-74,F-40,ST-74,1st,1,ST-74,ML,multistage,template_axis,272.0,232.2340373282525,3.625468164794007,2.3510915112875916,1.1040411088271778,2.4373682173705973,1.0,1.0,10.0
Suction,ST-74,F-40,ST-74,2nd,2,ST-74,ML,multistage,template_axis,321.7,253.4379616660295,2.1573033707865172,2.1592484052112866,2.591537319871672,2.728783449811683,1.0,1.0,10.0
Suction,ST-75,F-19,ST-75,single,1,ST-75,ML,single_stage,high_tick_calibrated,281.3,239.96543396290778,6.79035250463822,2.6672481902683263,2.031135401407161,2.0773590109417817,1.0,1.0,10.0
Suction,ST-77,F-20,ST-77,single,1,ST-77,ML,single_stage,high_tick_calibrated,315.8,247.30805384203717,4.37593984962406,2.4137643124340222,8.478443441583133,2.2988973448000314,1.0,1.0,10.0
Suction,ST-79,F-44,ST-79A,1st,1,ST-79,ML,multistage,template_axis,319.5,269.3055727832553,3.756906077348066,2.9242149156575805,0.6177995977893,2.0808340441885544,1.0,1.0,10.0
Suction,ST-79,F-44,ST-79A,2nd,2,ST-79,ML,multistage,template_axis,357.2,230.4337695244543,2.1510128913443833,2.3757726216509942,1.7422327959612514,2.49363311784127,1.0,1.0,10.0
Suction,ST-79,F-44,ST-79A,3rd,3,ST-79,ML,multistage,template_axis,383.5,250.6548539926333,1.9152854511970536,2.1832713034853755,0.792674685525182,2.741866364594133,1.0,1.0,10.0
Suction,ST-79,F-45,ST-79B,1st,1,ST-79,ML,multistage,template_axis,288.6,422.9113483597983,3.285171102661597,3.860875933115736,0.9558105466274732,1.6798449085993186,1.0,1.0,10.0
Suction,ST-79,F-45,ST-79B,2nd,2,ST-79,ML,multistage,template_axis,374.9,461.6317527186603,2.7528517110266155,3.5356185250489776,4.966015388666184,1.8784459236115187,1.0,1.0,10.0
Suction,ST-79,F-45,ST-79B,3rd,3,ST-79,ML,multistage,template_axis,469.1,475.31565478307687,3.7110266159695815,2.8597397855783306,4.633469921988288,2.346870547655882,1.0,1.0,10.0
Suction,ST-80,F-46,ST-80A,1st,1,ST-80,ML,multistage,template_axis,409.1,445.4618637927018,4.285714285714286,4.275585449708786,0.8578195921316184,2.0574967193260565,1.0,1.0,10.0
Suction,ST-80,F-46,ST-80A,2nd,2,ST-80,ML,multistage,template_axis,500.6,511.637710390382,2.5112781954887216,3.8562977147817987,2.0571599585960754,2.4567047564811593,1.0,1.0,10.0
Suction,ST-80,F-46,ST-80A,3rd,3,ST-80,ML,multistage,template_axis,550.9,560.9428241563306,2.571428571428571,3.6007707421633173,2.1624908445117144,2.7502861893858705,1.0,1.0,10.0
Suction,ST-80,F-47,ST-80B,1st,1,ST-80,ML,multistage,template_axis,234.3,212.31152636101456,3.575091575091575,2.848239863235114,1.2102026607822007,1.9963581704947124,1.0,1.0,10.0
Suction,ST-80,F-47,ST-80B,2nd,2,ST-80,ML,multistage,template_axis,297.9,345.98588249047725,1.3772893772893773,3.972919662141656,0.963619005993249,1.90803430114111,1.0,1.0,10.0
Suction,ST-80,F-47,ST-80B,3rd,3,ST-80,ML,multistage,template_axis,389.9,406.6640031337343,2.578754578754579,3.522199154248254,2.8412470777208414,2.355664449629713,1.0,1.0,10.0
Suction,ST-80,F-47,ST-80B,4th,4,ST-80,ML,multistage,template_axis,468.8,586.9323097551407,1.655677655677656,4.522833065475862,0.9235575304172198,2.281067682296691,1.0,1.0,10.0
Suction,ST-81,F-37,ST-81,1st,1,ST-81,ML,multistage,template_axis,150.1,200.69509918994993,2.590909090909091,1.6292299450955785,2.0879595144460916,3.2299975060842026,1.0,1.0,10.0
Suction,ST-81,F-37,ST-81,2nd,2,ST-81,ML,multistage,template_axis,163.6,216.46132297038156,1.8333333333333333,1.5113212515383978,2.8101903466204847,3.530961550273012,1.0,1.0,10.0
Suction,ST-81,F-37,ST-81,3rd,3,ST-81,ML,multistage,template_axis,199.6,256.4040707542379,2.454545454545454,1.6621178407481336,1.9766773456262745,3.395881924039932,1.0,1.0,10.0
Suction,ST-81,F-37,ST-81,4th,4,ST-81,ML,multistage,template_axis,236.9,303.7172950677195,2.333333333333333,1.8279606097784358,3.122536890156355,3.264829369151602,1.0,1.0,10.0
Suction,ST-83,F-39,ST-83,1st,1,ST-83,ML,multistage,template_axis,161.7,216.0993825031828,2.4842883548983363,1.935724127476213,5.858299354618212,2.5432962059818105,1.0,1.0,10.0
Suction,ST-83,F-39,ST-83,2nd,2,ST-83,ML,multistage,template_axis,190.9,237.33815395758955,3.4750462107208873,1.752501622568273,8.57722857627614,2.8214025969077157,1.0,1.0,10.0
Suction,ST-83,F-39,ST-83,3rd,3,ST-83,ML,multistage,template_axis,217.4,254.6261981890306,2.410351201478743,1.6265583700675654,2.547331618927098,3.0442155601264917,1.0,1.0,10.0
Suction,ST-85,F-21,ST-85,single,1,ST-85,ML,single_stage,high_tick_calibrated,330.3,304.1822120712345,4.6654205607476635,3.0499708413830198,1.4672078511482505,1.98626938553003,1.0,1.0,10.0
Suction,ST-87,F-41,ST-87,1st,1,ST-87,ML,multistage,template_axis,318.0,334.7118167555881,4.584103512014787,3.3203504764143865,0.9748019156223556,1.8777133530355132,1.0,1.0,10.0
Suction,ST-87,F-41,ST-87,2nd,2,ST-87,ML,multistage,template_axis,388.2,373.27207951315864,2.484288354898336,2.9899710870705474,2.2698644913442263,2.1717383280672204,1.0,1.0,10.0
Suction,ST-87,F-41,ST-87,3rd,3,ST-87,ML,multistage,template_axis,443.3,398.3831154774247,2.853974121996303,2.808592672960857,3.387075528012156,2.361435467409341,1.0,1.0,10.0
Suction,ST-91,F-3,ST-91,single,1,ST-91,MH,single_stage,template_axis,187.5,211.8457633444172,6.278293135435993,4.848443015839063,2.621411436301523,2.5861415425357297,1.0,1.0,10.0
Suction,ST-94,F-7,ST-94,single,1,ST-94,MH,single_stage,high_tick_calibrated,433.7,311.48911625025863,6.433460076045627,5.687825507010442,3.5732464553547727,2.4504892640950353,1.0,1.0,10.0
State,ST-114,F-15,ST-114B,single,1,ST-114,SC,single_stage,high_tick_calibrated,336.5,270.57286512975577,8.1453154875717,5.382391965041982,4.8539267088666485,2.468236568748232,1.0,1.0,100.0
State,ST-116,F-16,ST-116E,single,1,ST-116,SC,single_stage,high_tick_calibrated,392.3,357.504052436299,11.566539923954371,7.77992418399311,2.959998017471398,2.0107150113235215,1.0,1.0,100.0
State,ST-124,F-9,ST-124,single,1,ST-124,MH,single_stage,high_tick_calibrated,353.0,391.50678260420864,11.518164435946462,5.767864098762614,4.883285495342041,2.588285042671223,1.0,1.0,100.0
State,ST-30,F-38,ST-30,1st,1,ST-30,ML,multistage,template_axis,133.6,166.53542700696806,1.696060037523452,3.2820384338374042,1.6491763454832764,2.33543115348788,1.0,0.1,100.0
State,ST-30,F-38,ST-30,2nd,2,ST-30,ML,multistage,template_axis,196.2,191.47164717879267,1.425891181988743,2.696644619441172,3.2244432717467917,2.6261501048634734,1.0,0.1,100.0
State,ST-30,F-38,ST-30,3rd,3,ST-30,ML,multistage,template_axis,311.9,272.04545617060495,4.352720450281426,3.3026107514297967,6.9593164574219495,2.472912355310286,1.0,0.1,100.0
State,ST-34,F-42,ST-34A,1st,1,ST-34,ML,multistage,template_axis,253.3,229.0108107772825,3.191176470588235,2.9898874311990626,0.8394293125089781,2.065923552901129,1.0,1.0,100.0
State,ST-34,F-42,ST-34A,2nd,2,ST-34,ML,multistage,template_axis,316.1,258.0535139872325,2.235294117647059,2.9446025171951495,1.8758311226981628,2.1647226360029337,1.0,1.0,100.0
State,ST-34,F-42,ST-34A,3rd,3,ST-34,ML,multistage,template_axis,351.2,290.8917845741228,1.9705882352941175,2.7274762385171196,1.6050854626952324,2.351995268020827,1.0,1.0,100.0
State,ST-34,F-43,ST-34B,1st,1,ST-34,ML,multistage,template_axis,173.4,160.493815859228,2.4261036468330137,2.4161602528692474,3.9567450278405656,2.1981614240713228,1.0,1.0,100.0
State,ST-34,F-43,ST-34B,2nd,2,ST-34,ML,multistage,template_axis,254.0,223.97162616400274,3.777351247600768,2.857470697979575,7.373968690134767,2.0913232159643527,1.0,1.0,100.0
State,ST-34,F-43,ST-34B,3rd,3,ST-34,ML,multistage,template_axis,288.9,250.62604456920002,3.408829174664107,2.786395599544479,5.5596230439567575,2.1995124192926068,1.0,1.0,100.0
State,ST-36,F-2,ST-36,single,1,ST-36,MH,single_stage,template_axis,264.5,265.37168336608016,3.81021897810219,2.7861797726676625,3.627790225091772,3.573892698605148,1.0,1.0,100.0
State,ST-37,F-22,ST-37A,1st,1,ST-37,MH,multistage,template_axis,177.4,154.70286959675363,2.564102564102564,3.0702996100073334,6.672003767195702,3.2759277877132296,1.0,1.0,100.0
State,ST-37,F-22,ST-37A,2nd,2,ST-37,MH,multistage,template_axis,195.6,191.9615366577151,1.8608058608058609,2.8059613828666916,4.10143687937546,3.4664435739355666,1.0,1.0,100.0
State,ST-37,F-23,ST-37B,1st,1,ST-37,MH,multistage,template_axis,177.2,166.68565427103294,2.298507462686567,3.4956937376775974,0.4215882052684649,3.299728292367752,1.0,1.0,100.0
State,ST-37,F-23,ST-37B,2nd,2,ST-37,MH,multistage,template_axis,197.2,193.73962047649846,4.447761194029851,3.244828984634943,19.886564797092525,3.462577019172827,1.0,1.0,100.0
State,ST-38,F-24,ST-38A,1st,1,ST-38,MH,multistage,template_axis,186.5,165.05183912532377,3.123388581952118,3.448019494961681,1.2496247645913257,3.407844982224324,1.0,1.0,100.0
State,ST-38,F-24,ST-38A,2nd,2,ST-38,MH,multistage,template_axis,180.1,232.88656885855121,1.6206261510128912,3.26707613925648,0.4890032749721647,3.8304665815873684,1.0,1.0,100.0
State,ST-38,F-25,ST-38B,1st,1,ST-38,MH,multistage,template_axis,103.4,141.13423298959552,3.02367941712204,4.8699059537060565,2.3016770387936343,2.847304764342476,1.0,1.0,100.0
State,ST-38,F-25,ST-38B,2nd,2,ST-38,MH,multistage,template_axis,195.1,176.2379043826689,4.772313296903461,3.6454504826231093,10.112043339491516,3.5355714929695723,1.0,1.0,100.0
State,ST-39,F-26,ST-39A,1st,1,ST-39,MH,multistage,template_axis,146.1,136.4141892227276,2.6867924528301885,3.918579959410924,1.9610426945079364,3.2819618547663016,1.0,1.0,100.0
State,ST-39,F-26,ST-39A,2nd,2,ST-39,MH,multistage,template_axis,166.2,154.2918128299386,1.9169811320754715,3.5565559931388,4.66495355862502,3.4546991974784915,1.0,1.0,100.0
State,ST-39,F-27,ST-39B,1st,1,ST-39,MH,multistage,template_axis,143.5,151.3580055483404,1.922365988909427,4.076742343070458,1.4067517893306432,3.2284326924547426,1.0,1.0,100.0
State,ST-39,F-27,ST-39B,2nd,2,ST-39,MH,multistage,template_axis,207.3,195.14432338781367,4.273567467652495,3.5079710290476487,6.966261665786128,3.509060128798162,1.0,1.0,100.0
State,ST-40,F-4,ST-40,single,1,ST-40,MH,single_stage,high_tick_calibrated,160.0,147.40458413286507,6.146892655367233,3.846505417797008,8.971136384189133,2.834322457368366,1.0,1.0,100.0
State,ST-42,F-5,ST-42,single,1,ST-42,MH,single_stage,template_axis,200.5,235.24073960986217,11.37313432835821,5.128946518557499,3.2681003689619574,2.349837884603312,1.0,1.0,100.0
State,ST-43,F-6,ST-43,single,1,ST-43,MH,single_stage,high_tick_calibrated,388.9,321.6079593994902,5.506692160611855,4.956173857013936,2.261567493320885,2.005103951115892,1.0,1.0,100.0
State,ST-47,F-8,ST-47,single,1,ST-47,MH,single_stage,high_tick_calibrated,292.8,256.0033553220851,10.27289719626168,4.196234071096749,4.54764495335301,3.19649789074012,1.0,1.0,100.0
State,ST-49,F-28,ST-49A,1st,1,ST-49,MH,multistage,template_axis,168.2,162.1970877526725,2.3670411985018727,3.6653749275797285,1.489966116109284,3.553794913386716,1.0,1.0,100.0
State,ST-49,F-28,ST-49A,2nd,2,ST-49,MH,multistage,template_axis,202.7,205.71397591918486,2.411985018726591,3.4924969415873797,2.8786560593800843,3.831936820435976,1.0,1.0,100.0
State,ST-49,F-29,ST-49B,1st,1,ST-49,MH,multistage,template_axis,111.7,145.51957084502695,2.317757009345794,4.924144687591944,0.8026491123809197,3.054731727618867,1.0,1.0,100.0
State,ST-49,F-29,ST-49B,2nd,2,ST-49,MH,multistage,template_axis,169.6,179.63567395269226,2.332710280373832,3.8345828026406656,2.270240188178077,3.593766530813542,1.0,1.0,100.0
State,ST-49,F-29,ST-49B,3rd,3,ST-49,MH,multistage,template_axis,206.2,220.88691723555317,3.0205607476635516,3.3237655520382834,2.688521864717334,3.9789638717913363,1.0,1.0,100.0
State,ST-50,F-10,ST-50,single,1,ST-50,MH,single_stage,high_tick_calibrated,197.2,171.75973873551246,11.3648393194707,3.807382629168773,14.441041006119924,3.0047058153339203,1.0,1.0,100.0
State,ST-51,F-30,ST-51,1st,1,ST-51,MH,multistage,template_axis,159.3,158.95503294745347,2.224677716390423,4.403021657486147,5.657304106068023,2.865767109468644,1.0,1.0,100.0
State,ST-51,F-30,ST-51,2nd,2,ST-51,MH,multistage,template_axis,200.0,200.8466986982864,4.876611418047882,4.013744365606077,12.216873697615233,3.087088360658749,1.0,1.0,100.0
State,ST-52,F-31,ST-52,1st,1,ST-52,MH,multistage,template_axis,215.5,196.9875645857712,3.4327808471454877,5.392102120103373,0.8348914135744603,2.717563466963635,1.0,1.0,100.0
State,ST-52,F-31,ST-52,2nd,2,ST-52,MH,multistage,template_axis,266.3,228.7331835333458,2.327808471454881,5.027683954948524,2.893835924631728,2.876493483451144,1.0,1.0,100.0
State,ST-53,F-11,ST-53,single,1,ST-53,MH,single_stage,high_tick_calibrated,202.7,227.21717665164962,10.732075471698112,5.446145472403816,2.646284637776997,2.5790760574224647,1.0,1.0,100.0
State,ST-54,F-12,ST-54,single,1,ST-54,MH,single_stage,high_tick_calibrated,239.9,269.7378076898987,11.574626865671643,5.219368849268201,2.1779328605345136,2.362123887557263,1.0,1.0,100.0
State,ST-57,F-32,ST-57,1st,1,ST-57,ML,multistage,template_axis,318.4,375.94347037898785,3.020257826887661,3.9244546116848715,0.7670144749911346,2.0621076277006725,1.0,1.0,100.0
State,ST-57,F-32,ST-57,2nd,2,ST-57,ML,multistage,template_axis,366.5,418.59598552035567,1.561694290976059,3.5208842800570395,1.0882572405101605,2.266105931118181,1.0,1.0,100.0
State,ST-57,F-32,ST-57,3rd,3,ST-57,ML,multistage,template_axis,377.8,447.52919797211763,1.1639042357274405,3.2177310590344947,0.363409368061785,2.4183871232418634,1.0,1.0,100.0
State,ST-59,F-13,ST-59B,single,1,ST-59,SC,single_stage,high_tick_calibrated,175.1,203.37765982757702,3.8382352941176463,5.363708140631217,2.1939377982437227,3.0109369493871347,1.0,1.0,100.0
State,ST-59,F-33,ST-59A,1st,1,ST-59,SC,multistage,template_axis,136.5,170.29801817348158,2.5018726591760303,5.895746981765336,0.5971660063513222,2.654578017816839,1.0,1.0,100.0
State,ST-59,F-33,ST-59A,2nd,2,ST-59,SC,multistage,template_axis,252.4,292.7988161105945,2.1872659176029967,4.558473652942824,4.346558774498098,3.2770635447386285,1.0,1.0,100.0
State,ST-60,F-14,ST-60,single,1,ST-60,SC,single_stage,high_tick_calibrated,175.1,189.75108739647163,9.550561797752808,3.411548308466836,5.921130160238131,2.491975090777253,1.0,1.0,100.0
State,ST-62,F-35,ST-62,1st,1,ST-62,ML,multistage,template_axis,174.4,231.64683518594322,2.339622641509434,2.226349069834546,2.444090507019552,2.254022097762992,1.0,1.0,100.0
State,ST-62,F-35,ST-62,2nd,2,ST-62,ML,multistage,template_axis,218.6,268.1890978508156,1.6905660377358491,2.121117221159662,2.5206470266803382,2.3720792738750665,1.0,1.0,100.0
State,ST-64,F-36,ST-64,1st,1,ST-64,ML,multistage,template_axis,237.9,268.6562144251792,2.3547169811320754,2.675635372467759,1.877808970267375,2.2270493819921167,1.0,1.0,100.0
State,ST-64,F-36,ST-64,2nd,2,ST-64,ML,multistage,template_axis,257.9,308.46311237755606,0.9811320754716985,2.389210720673425,1.5614651664373538,2.4400934632872233,1.0,1.0,100.0
State,ST-65,F-17,ST-65A,single,1,ST-65,ML,single_stage,template_axis,388.2,290.04187280975503,4.301886792452829,2.9757398415020773,0.8019182154275645,2.090774532843749,1.0,1.0,100.0
State,ST-65,F-18,ST-65B,single,1,ST-65,ML,single_stage,high_tick_calibrated,432.3,338.2059663235138,4.130019120458891,3.170670274479111,1.3438884305385317,2.0166316657682697,1.0,1.0,100.0
State,ST-74,F-40,ST-74,1st,1,ST-74,ML,multistage,template_axis,272.0,261.77470705806405,3.625468164794007,1.8976067030498873,1.1040411088271778,2.3841053975399347,1.0,0.1,100.0
State,ST-74,F-40,ST-74,2nd,2,ST-74,ML,multistage,template_axis,321.7,301.7458375468949,2.1573033707865172,1.8826154641296846,2.591537319871672,2.5047853185243265,1.0,0.1,100.0
State,ST-75,F-19,ST-75,single,1,ST-75,ML,single_stage,high_tick_calibrated,281.3,260.9541356523005,6.79035250463822,2.760127382827466,2.031135401407161,2.146914543079816,1.0,1.0,100.0
State,ST-77,F-20,ST-77,single,1,ST-77,ML,single_stage,high_tick_calibrated,315.8,280.71361026863764,4.37593984962406,2.6025380818660375,8.478443441583133,2.229224308564931,1.0,1.0,100.0
State,ST-79,F-44,ST-79A,1st,1,ST-79,ML,multistage,template_axis,319.5,287.5698534924212,3.756906077348066,2.770997577700423,0.6177995977893,2.171047001556252,1.0,1.0,100.0
State,ST-79,F-44,ST-79A,2nd,2,ST-79,ML,multistage,template_axis,357.2,263.3179220041533,2.1510128913443833,2.299192747637937,1.7422327959612514,2.3910678026473797,1.0,1.0,100.0
State,ST-79,F-44,ST-79A,3rd,3,ST-79,ML,multistage,template_axis,383.5,294.77576957632425,1.9152854511970536,2.1235092288329684,0.792674685525182,2.527119765265068,1.0,1.0,100.0
State,ST-79,F-45,ST-79B,1st,1,ST-79,ML,multistage,template_axis,288.6,414.27367247484614,3.285171102661597,4.031344023576869,0.9558105466274732,1.9591518966852475,1.0,1.0,100.0
State,ST-79,F-45,ST-79B,2nd,2,ST-79,ML,multistage,template_axis,374.9,463.7927711582809,2.7528517110266155,3.685351153276152,4.966015388666184,2.089253832200045,1.0,1.0,100.0
State,ST-79,F-45,ST-79B,3rd,3,ST-79,ML,multistage,template_axis,469.1,480.8211275193027,3.7110266159695815,2.7802268737601117,4.633469921988288,2.456923954043712,1.0,1.0,100.0
State,ST-80,F-46,ST-80A,1st,1,ST-80,ML,multistage,template_axis,409.1,443.27199830579804,4.285714285714286,4.360630026052137,0.8578195921316184,2.167265835745082,1.0,0.1,100.0
State,ST-80,F-46,ST-80A,2nd,2,ST-80,ML,multistage,template_axis,500.6,494.569053639597,2.5112781954887216,3.435113481333061,2.0571599585960754,2.489266099439539,1.0,0.1,100.0
State,ST-80,F-46,ST-80A,3rd,3,ST-80,ML,multistage,template_axis,550.9,546.4471843132675,2.571428571428571,3.137887216258599,2.1624908445117144,2.6746626908174562,1.0,0.1,100.0
State,ST-80,F-47,ST-80B,1st,1,ST-80,ML,multistage,template_axis,234.3,227.09037603939234,3.575091575091575,2.7324950796893863,1.2102026607822007,2.182435176974426,1.0,0.1,100.0
State,ST-80,F-47,ST-80B,2nd,2,ST-80,ML,multistage,template_axis,297.9,342.3236584744727,1.3772893772893773,3.8933457396484967,0.963619005993249,2.112575069602108,1.0,0.1,100.0
State,ST-80,F-47,ST-80B,3rd,3,ST-80,ML,multistage,template_axis,389.9,407.13441386153295,2.578754578754579,3.254167467169301,2.8412470777208414,2.4124417510151277,1.0,0.1,100.0
State,ST-80,F-47,ST-80B,4th,4,ST-80,ML,multistage,template_axis,468.8,557.231414186052,1.655677655677656,4.210928027172393,0.9235575304172198,2.3484621585222487,1.0,0.1,100.0
State,ST-81,F-37,ST-81,1st,1,ST-81,ML,multistage,template_axis,150.1,159.9486256327922,2.590909090909091,1.5263343422194011,2.0879595144460916,4.5283130500368465,1.0,1.0,10.0
State,ST-81,F-37,ST-81,2nd,2,ST-81,ML,multistage,template_axis,163.6,177.48501105741903,1.8333333333333333,1.4575425491703033,2.8101903466204847,4.716034107956526,1.0,1.0,10.0
State,ST-81,F-37,ST-81,3rd,3,ST-81,ML,multistage,template_axis,199.6,206.8936965913201,2.454545454545454,1.5887745510841709,1.9766773456262745,4.678848070684917,1.0,1.0,10.0
State,ST-81,F-37,ST-81,4th,4,ST-81,ML,multistage,template_axis,236.9,239.90763289357247,2.333333333333333,1.7384762559315516,3.122536890156355,4.673632132482735,1.0,1.0,10.0
State,ST-83,F-39,ST-83,1st,1,ST-83,ML,multistage,template_axis,161.7,193.09203156843776,2.4842883548983363,1.6970374102521602,5.858299354618212,2.8678010774118334,1.0,1.0,100.0
State,ST-83,F-39,ST-83,2nd,2,ST-83,ML,multistage,template_axis,190.9,218.78854236329266,3.4750462107208873,1.5843471432566327,8.57722857627614,3.0283368915904525,1.0,1.0,100.0
State,ST-83,F-39,ST-83,3rd,3,ST-83,ML,multistage,template_axis,217.4,241.28975552311942,2.410351201478743,1.5182985460903464,2.547331618927098,3.145657647571428,1.0,1.0,100.0
State,ST-85,F-21,ST-85,single,1,ST-85,ML,single_stage,high_tick_calibrated,330.3,291.4351761336799,4.6654205607476635,3.2339763755087882,1.4672078511482505,2.2259007211840944,1.0,1.0,100.0
State,ST-87,F-41,ST-87,1st,1,ST-87,ML,multistage,template_axis,318.0,324.69932454167696,4.584103512014787,3.6178096716778705,0.9748019156223556,2.113659323887687,1.0,1.0,100.0
State,ST-87,F-41,ST-87,2nd,2,ST-87,ML,multistage,template_axis,388.2,340.8692634458894,2.484288354898336,2.9197266801767596,2.2698644913442263,2.42671479525965,1.0,1.0,100.0
State,ST-87,F-41,ST-87,3rd,3,ST-87,ML,multistage,template_axis,443.3,372.6807631337572,2.853974121996303,2.7386592662100835,3.387075528012156,2.5389303164627246,1.0,1.0,100.0
State,ST-91,F-3,ST-91,single,1,ST-91,MH,single_stage,template_axis,187.5,221.39535270988395,6.278293135435993,4.929410203930909,2.621411436301523,2.496118707476016,1.0,1.0,100.0
State,ST-94,F-7,ST-94,single,1,ST-94,MH,single_stage,high_tick_calibrated,433.7,329.29164645578527,6.433460076045627,5.885016593601479,3.5732464553547727,2.3232933388086052,1.0,1.0,100.0
StateInteraction,ST-114,F-15,ST-114B,single,1,ST-114,SC,single_stage,high_tick_calibrated,336.5,277.01834009906173,8.1453154875717,5.8014237308413215,4.8539267088666485,2.455074871826726,10.0,0.1,100.0
StateInteraction,ST-116,F-16,ST-116E,single,1,ST-116,SC,single_stage,high_tick_calibrated,392.3,339.27066643666876,11.566539923954371,8.053279966362272,2.959998017471398,1.9115051048668308,10.0,1.0,100.0
StateInteraction,ST-124,F-9,ST-124,single,1,ST-124,MH,single_stage,high_tick_calibrated,353.0,370.10515063875164,11.518164435946462,5.504442838693935,4.883285495342041,2.664020474357386,10.0,1.0,100.0
StateInteraction,ST-30,F-38,ST-30,1st,1,ST-30,ML,multistage,template_axis,133.6,176.87331159966897,1.696060037523452,3.157162956296986,1.6491763454832764,2.2059884272683004,10.0,1.0,100.0
StateInteraction,ST-30,F-38,ST-30,2nd,2,ST-30,ML,multistage,template_axis,196.2,207.0729874468367,1.425891181988743,2.43818854526158,3.2244432717467917,2.6023931176241653,10.0,1.0,100.0
StateInteraction,ST-30,F-38,ST-30,3rd,3,ST-30,ML,multistage,template_axis,311.9,280.53592462272195,4.352720450281426,2.9450621167944657,6.9593164574219495,2.4616441532603885,10.0,1.0,100.0
StateInteraction,ST-34,F-42,ST-34A,1st,1,ST-34,ML,multistage,template_axis,253.3,223.551064534545,3.191176470588235,3.082448661921348,0.8394293125089781,1.8977313158612306,1.0,1.0,100.0
StateInteraction,ST-34,F-42,ST-34A,2nd,2,ST-34,ML,multistage,template_axis,316.1,258.84291829453065,2.235294117647059,2.9332600748380195,1.8758311226981628,2.089759120559492,1.0,1.0,100.0
StateInteraction,ST-34,F-42,ST-34A,3rd,3,ST-34,ML,multistage,template_axis,351.2,300.21476859830756,1.9705882352941175,2.6208950334944534,1.6050854626952324,2.3786150970154987,1.0,1.0,100.0
StateInteraction,ST-34,F-43,ST-34B,1st,1,ST-34,ML,multistage,template_axis,173.4,158.22465127743476,2.4261036468330137,2.460026055195545,3.9567450278405656,2.00893378440106,1.0,1.0,100.0
StateInteraction,ST-34,F-43,ST-34B,2nd,2,ST-34,ML,multistage,template_axis,254.0,220.6629914163146,3.777351247600768,2.9117140620409283,7.373968690134767,1.9161584429126746,1.0,1.0,100.0
StateInteraction,ST-34,F-43,ST-34B,3rd,3,ST-34,ML,multistage,template_axis,288.9,252.68381839551273,3.408829174664107,2.7577546677542237,5.5596230439567575,2.108094777319369,1.0,1.0,100.0
StateInteraction,ST-36,F-2,ST-36,single,1,ST-36,MH,single_stage,template_axis,264.5,252.68262117469072,3.81021897810219,2.785867966676346,3.627790225091772,3.8680551565233507,10.0,1.0,100.0
StateInteraction,ST-37,F-22,ST-37A,1st,1,ST-37,MH,multistage,template_axis,177.4,160.21003885008182,2.564102564102564,3.0948929986580938,6.672003767195702,3.257418448745277,10.0,1.0,100.0
StateInteraction,ST-37,F-22,ST-37A,2nd,2,ST-37,MH,multistage,template_axis,195.6,184.30811225217883,1.8608058608058609,3.028916861322114,4.10143687937546,3.5033270270694006,10.0,1.0,100.0
StateInteraction,ST-37,F-23,ST-37B,1st,1,ST-37,MH,multistage,template_axis,177.2,174.68346493591545,2.298507462686567,3.3559449242078827,0.4215882052684649,3.3783242196020415,10.0,1.0,100.0
StateInteraction,ST-37,F-23,ST-37B,2nd,2,ST-37,MH,multistage,template_axis,197.2,194.77360996160522,4.447761194029851,3.2042893185121986,19.886564797092525,3.598493268880821,10.0,1.0,100.0
StateInteraction,ST-38,F-24,ST-38A,1st,1,ST-38,MH,multistage,template_axis,186.5,173.50624217119096,3.123388581952118,3.3491670155873887,1.2496247645913257,3.4300057421789574,10.0,1.0,100.0
StateInteraction,ST-38,F-24,ST-38A,2nd,2,ST-38,MH,multistage,template_axis,180.1,226.19910625813299,1.6206261510128912,3.2637214487165638,0.4890032749721647,4.10171770634648,10.0,1.0,100.0
StateInteraction,ST-38,F-25,ST-38B,1st,1,ST-38,MH,multistage,template_axis,103.4,146.411095913847,3.02367941712204,5.104840639287045,2.3016770387936343,2.730687833450925,10.0,1.0,100.0
StateInteraction,ST-38,F-25,ST-38B,2nd,2,ST-38,MH,multistage,template_axis,195.1,183.8536703392624,4.772313296903461,3.497229924797769,10.112043339491516,3.6392254232240777,10.0,1.0,100.0
StateInteraction,ST-39,F-26,ST-39A,1st,1,ST-39,MH,multistage,template_axis,146.1,148.05326327236205,2.6867924528301885,3.813234869998616,1.9610426945079364,3.2455565167876723,10.0,1.0,100.0
StateInteraction,ST-39,F-26,ST-39A,2nd,2,ST-39,MH,multistage,template_axis,166.2,163.07636964534393,1.9169811320754715,3.4820984524882252,4.66495355862502,3.4707131846147194,10.0,1.0,100.0
StateInteraction,ST-39,F-27,ST-39B,1st,1,ST-39,MH,multistage,template_axis,143.5,161.89598127150953,1.922365988909427,3.9758678230812965,1.4067517893306432,3.1909972524448396,10.0,1.0,100.0
StateInteraction,ST-39,F-27,ST-39B,2nd,2,ST-39,MH,multistage,template_axis,207.3,197.23140192238293,4.273567467652495,3.4764680299980113,6.966261665786128,3.585271546001064,10.0,1.0,100.0
StateInteraction,ST-40,F-4,ST-40,single,1,ST-40,MH,single_stage,high_tick_calibrated,160.0,156.18189802450192,6.146892655367233,3.8178147551211854,8.971136384189133,2.7504668021651826,10.0,1.0,100.0
StateInteraction,ST-42,F-5,ST-42,single,1,ST-42,MH,single_stage,template_axis,200.5,224.03730438327463,11.37313432835821,5.4234131667142975,3.2681003689619574,2.2957711097635225,10.0,1.0,100.0
StateInteraction,ST-43,F-6,ST-43,single,1,ST-43,MH,single_stage,high_tick_calibrated,388.9,288.64174160938495,5.506692160611855,5.61065158137917,2.261567493320885,1.9428552015023004,1.0,1.0,100.0
StateInteraction,ST-47,F-8,ST-47,single,1,ST-47,MH,single_stage,high_tick_calibrated,292.8,253.3222435327581,10.27289719626168,4.041667152935095,4.54764495335301,3.277808623449985,10.0,1.0,100.0
StateInteraction,ST-49,F-28,ST-49A,1st,1,ST-49,MH,multistage,template_axis,168.2,171.43000677200365,2.3670411985018727,3.557111521830701,1.489966116109284,3.5993580225943718,10.0,1.0,100.0
StateInteraction,ST-49,F-28,ST-49A,2nd,2,ST-49,MH,multistage,template_axis,202.7,208.02068246677194,2.411985018726591,3.4059901903747174,2.8786560593800843,4.063678673783859,10.0,1.0,100.0
StateInteraction,ST-49,F-29,ST-49B,1st,1,ST-49,MH,multistage,template_axis,111.7,151.99430991738376,2.317757009345794,5.012404655245444,0.8026491123809197,2.9851191753963815,10.0,1.0,100.0
StateInteraction,ST-49,F-29,ST-49B,2nd,2,ST-49,MH,multistage,template_axis,169.6,189.15126278762042,2.332710280373832,3.6567058534740378,2.270240188178077,3.7450838951199374,10.0,1.0,100.0
StateInteraction,ST-49,F-29,ST-49B,3rd,3,ST-49,MH,multistage,template_axis,206.2,216.10913556389005,3.0205607476635516,3.331531851938932,2.688521864717334,4.23649617391324,10.0,1.0,100.0
StateInteraction,ST-50,F-10,ST-50,single,1,ST-50,MH,single_stage,high_tick_calibrated,197.2,180.3124083125361,11.3648393194707,3.6532646299236715,14.441041006119924,3.0161452862031215,10.0,1.0,100.0
StateInteraction,ST-51,F-30,ST-51,1st,1,ST-51,MH,multistage,template_axis,159.3,167.96824827191517,2.224677716390423,4.297882418263315,5.657304106068023,2.8399094548408215,10.0,1.0,100.0
StateInteraction,ST-51,F-30,ST-51,2nd,2,ST-51,MH,multistage,template_axis,200.0,209.63153683317222,4.876611418047882,3.7633918672851885,12.216873697615233,3.1924292345472773,10.0,1.0,100.0
StateInteraction,ST-52,F-31,ST-52,1st,1,ST-52,MH,multistage,template_axis,215.5,197.6673951173783,3.4327808471454877,5.484938196773994,0.8348914135744603,2.688227612378832,10.0,1.0,100.0
StateInteraction,ST-52,F-31,ST-52,2nd,2,ST-52,MH,multistage,template_axis,266.3,234.153529951379,2.327808471454881,4.80588746407822,2.893835924631728,2.9727018000594274,10.0,1.0,100.0
StateInteraction,ST-53,F-11,ST-53,single,1,ST-53,MH,single_stage,high_tick_calibrated,202.7,222.02548699964856,10.732075471698112,5.615541955697338,2.646284637776997,2.5362419102777816,10.0,1.0,100.0
StateInteraction,ST-54,F-12,ST-54,single,1,ST-54,MH,single_stage,high_tick_calibrated,239.9,254.67059486510192,11.574626865671643,5.463979941636701,2.1779328605345136,2.320499099487497,10.0,1.0,100.0
StateInteraction,ST-57,F-32,ST-57,1st,1,ST-57,ML,multistage,template_axis,318.4,350.45785095096994,3.020257826887661,4.13401244004216,0.7670144749911346,1.9833565339771657,10.0,1.0,100.0
StateInteraction,ST-57,F-32,ST-57,2nd,2,ST-57,ML,multistage,template_axis,366.5,402.7742382245207,1.561694290976059,3.4643354138848057,1.0882572405101605,2.2768952739234165,10.0,1.0,100.0
StateInteraction,ST-57,F-32,ST-57,3rd,3,ST-57,ML,multistage,template_axis,377.8,430.1190097054013,1.1639042357274405,3.1166477347210955,0.363409368061785,2.4664277486164963,10.0,1.0,100.0
StateInteraction,ST-59,F-13,ST-59B,single,1,ST-59,SC,single_stage,high_tick_calibrated,175.1,201.74408493086338,3.8382352941176463,5.440686904800113,2.1939377982437227,2.976061252060179,1.0,1.0,100.0
StateInteraction,ST-59,F-33,ST-59A,1st,1,ST-59,SC,multistage,template_axis,136.5,172.39027937608444,2.5018726591760303,5.769901955059563,0.5971660063513222,2.5511835133945153,1.0,1.0,100.0
StateInteraction,ST-59,F-33,ST-59A,2nd,2,ST-59,SC,multistage,template_axis,252.4,260.7717425795142,2.1872659176029967,5.5938664474896855,4.346558774498098,3.2968163098057626,1.0,1.0,100.0
StateInteraction,ST-60,F-14,ST-60,single,1,ST-60,SC,single_stage,high_tick_calibrated,175.1,202.05594366563506,9.550561797752808,3.2686538641052745,5.921130160238131,2.464467571702045,10.0,1.0,100.0
StateInteraction,ST-62,F-35,ST-62,1st,1,ST-62,ML,multistage,template_axis,174.4,241.87259020256397,2.339622641509434,2.156809208149781,2.444090507019552,2.264069739103569,10.0,1.0,100.0
StateInteraction,ST-62,F-35,ST-62,2nd,2,ST-62,ML,multistage,template_axis,218.6,281.1732420734474,1.6905660377358491,1.97692202738581,2.5206470266803382,2.4733059861029205,10.0,1.0,100.0
StateInteraction,ST-64,F-36,ST-64,1st,1,ST-64,ML,multistage,template_axis,237.9,273.23606473363657,2.3547169811320754,2.6442912256625877,1.877808970267375,2.2095928815679478,10.0,1.0,100.0
StateInteraction,ST-64,F-36,ST-64,2nd,2,ST-64,ML,multistage,template_axis,257.9,313.1508035462461,0.9811320754716985,2.2968868831820695,1.5614651664373538,2.5050496239370803,10.0,1.0,100.0
StateInteraction,ST-65,F-17,ST-65A,single,1,ST-65,ML,single_stage,template_axis,388.2,285.3874088324337,4.301886792452829,3.03453392344295,0.8019182154275645,2.1093391187391557,1.0,1.0,100.0
StateInteraction,ST-65,F-18,ST-65B,single,1,ST-65,ML,single_stage,high_tick_calibrated,432.3,331.71418832689716,4.130019120458891,3.2458673756387997,1.3438884305385317,2.0408656332423565,1.0,1.0,100.0
StateInteraction,ST-74,F-40,ST-74,1st,1,ST-74,ML,multistage,template_axis,272.0,270.9079260154067,3.625468164794007,1.7845891829352916,1.1040411088271778,2.4088973281960033,10.0,0.1,100.0
StateInteraction,ST-74,F-40,ST-74,2nd,2,ST-74,ML,multistage,template_axis,321.7,308.18155072826096,2.1573033707865172,1.7392881911987748,2.591537319871672,2.6127341282875975,10.0,0.1,100.0
StateInteraction,ST-75,F-19,ST-75,single,1,ST-75,ML,single_stage,high_tick_calibrated,281.3,263.01397435819416,6.79035250463822,2.784804265164095,2.031135401407161,2.1222641164964604,10.0,1.0,100.0
StateInteraction,ST-77,F-20,ST-77,single,1,ST-77,ML,single_stage,high_tick_calibrated,315.8,290.4634170302297,4.37593984962406,2.443642948225994,8.478443441583133,2.292925192974888,10.0,1.0,100.0
StateInteraction,ST-79,F-44,ST-79A,1st,1,ST-79,ML,multistage,template_axis,319.5,287.55182094449185,3.756906077348066,2.77131416048596,0.6177995977893,2.1404414014755395,1.0,1.0,100.0
StateInteraction,ST-79,F-44,ST-79A,2nd,2,ST-79,ML,multistage,template_axis,357.2,271.1738304803678,2.1510128913443833,2.1792943966591265,1.7422327959612514,2.4420043504286015,1.0,1.0,100.0
StateInteraction,ST-79,F-44,ST-79A,3rd,3,ST-79,ML,multistage,template_axis,383.5,306.6559989947606,1.9152854511970536,1.976026502901864,0.792674685525182,2.6429442194011736,1.0,1.0,100.0
StateInteraction,ST-79,F-45,ST-79B,1st,1,ST-79,ML,multistage,template_axis,288.6,402.1315334157208,3.285171102661597,4.255846691775291,0.9558105466274732,1.9005213723109726,1.0,1.0,100.0
StateInteraction,ST-79,F-45,ST-79B,2nd,2,ST-79,ML,multistage,template_axis,374.9,469.1010323300406,2.7528517110266155,3.609730857762524,4.966015388666184,2.1136329832838046,1.0,1.0,100.0
StateInteraction,ST-79,F-45,ST-79B,3rd,3,ST-79,ML,multistage,template_axis,469.1,491.1277794268171,3.7110266159695815,2.6748521477237523,4.633469921988288,2.54936789424597,1.0,1.0,100.0
StateInteraction,ST-80,F-46,ST-80A,1st,1,ST-80,ML,multistage,template_axis,409.1,412.4008622685469,4.285714285714286,4.370221583549154,0.8578195921316184,2.1522435416757673,10.0,1.0,100.0
StateInteraction,ST-80,F-46,ST-80A,2nd,2,ST-80,ML,multistage,template_axis,500.6,461.4426693538339,2.5112781954887216,3.420656930388526,2.0571599585960754,2.536390728632731,10.0,1.0,100.0
StateInteraction,ST-80,F-46,ST-80A,3rd,3,ST-80,ML,multistage,template_axis,550.9,490.11973472309904,2.571428571428571,3.2387682751882125,2.1624908445117144,2.745250980341775,10.0,1.0,100.0
StateInteraction,ST-80,F-47,ST-80B,1st,1,ST-80,ML,multistage,template_axis,234.3,225.2208207545471,3.575091575091575,3.008364840820854,1.2102026607822007,2.0838291090747867,10.0,1.0,100.0
StateInteraction,ST-80,F-47,ST-80B,2nd,2,ST-80,ML,multistage,template_axis,297.9,320.58129921819625,1.3772893772893773,4.211491574195628,0.963619005993249,2.025076168881367,10.0,1.0,100.0
StateInteraction,ST-80,F-47,ST-80B,3rd,3,ST-80,ML,multistage,template_axis,389.9,392.2000933689012,2.578754578754579,3.2106400619068363,2.8412470777208414,2.4435733494711256,10.0,1.0,100.0
StateInteraction,ST-80,F-47,ST-80B,4th,4,ST-80,ML,multistage,template_axis,468.8,513.6349879986103,1.655677655677656,4.114670241279936,0.9235575304172198,2.3868960058474,10.0,1.0,100.0
StateInteraction,ST-81,F-37,ST-81,1st,1,ST-81,ML,multistage,template_axis,150.1,163.9957143412736,2.590909090909091,1.6095092860369966,2.0879595144460916,3.641618332686795,10.0,1.0,100.0
StateInteraction,ST-81,F-37,ST-81,2nd,2,ST-81,ML,multistage,template_axis,163.6,173.0431750335413,1.8333333333333333,1.5933513435135376,2.8101903466204847,3.808033204876287,10.0,1.0,100.0
StateInteraction,ST-81,F-37,ST-81,3rd,3,ST-81,ML,multistage,template_axis,199.6,197.62558471054743,2.454545454545454,1.7388351359022594,1.9766773456262745,3.7264196889789605,10.0,1.0,100.0
StateInteraction,ST-81,F-37,ST-81,4th,4,ST-81,ML,multistage,template_axis,236.9,224.66673599473708,2.333333333333333,1.9051208458129032,3.122536890156355,3.657818683821206,10.0,1.0,100.0
StateInteraction,ST-83,F-39,ST-83,1st,1,ST-83,ML,multistage,template_axis,161.7,201.41652988819393,2.4842883548983363,1.6952756633503308,5.858299354618212,2.8070477153946136,10.0,1.0,100.0
StateInteraction,ST-83,F-39,ST-83,2nd,2,ST-83,ML,multistage,template_axis,190.9,216.0867302252705,3.4750462107208873,1.6466515400711927,8.57722857627614,2.984574896947987,10.0,1.0,100.0
StateInteraction,ST-83,F-39,ST-83,3rd,3,ST-83,ML,multistage,template_axis,217.4,227.1977597224395,2.410351201478743,1.6375015996279703,2.547331618927098,3.1098928173161138,10.0,1.0,100.0
StateInteraction,ST-85,F-21,ST-85,single,1,ST-85,ML,single_stage,high_tick_calibrated,330.3,291.2512700426074,4.6654205607476635,3.2318987330761475,1.4672078511482505,2.1888267703493343,10.0,1.0,100.0
StateInteraction,ST-87,F-41,ST-87,1st,1,ST-87,ML,multistage,template_axis,318.0,314.6160979283634,4.584103512014787,3.7100403219362468,0.9748019156223556,2.06924160277912,10.0,1.0,100.0
StateInteraction,ST-87,F-41,ST-87,2nd,2,ST-87,ML,multistage,template_axis,388.2,339.50788789482715,2.484288354898336,2.813362393444439,2.2698644913442263,2.4316144842109884,10.0,1.0,100.0
StateInteraction,ST-87,F-41,ST-87,3rd,3,ST-87,ML,multistage,template_axis,443.3,364.56459139344156,2.853974121996303,2.647484298506449,3.387075528012156,2.578386276544361,10.0,1.0,100.0
StateInteraction,ST-91,F-3,ST-91,single,1,ST-91,MH,single_stage,template_axis,187.5,216.78975486064317,6.278293135435993,5.110357621943359,2.621411436301523,2.458154630963218,10.0,1.0,100.0
StateInteraction,ST-94,F-7,ST-94,single,1,ST-94,MH,single_stage,high_tick_calibrated,433.7,309.97043663790816,6.433460076045627,5.988002123270209,3.5732464553547727,2.347796644634159,10.0,1.0,100.0
StateHistory,ST-114,F-15,ST-114B,single,1,ST-114,SC,single_stage,high_tick_calibrated,336.5,286.4985038018311,8.1453154875717,6.48296351988706,4.8539267088666485,3.228139253346172,1.0,10.0,10.0
StateHistory,ST-116,F-16,ST-116E,single,1,ST-116,SC,single_stage,high_tick_calibrated,392.3,350.7787042924888,11.566539923954371,7.46650871119077,2.959998017471398,2.4410368778147267,10.0,10.0,10.0
StateHistory,ST-124,F-9,ST-124,single,1,ST-124,MH,single_stage,high_tick_calibrated,353.0,418.0795918152674,11.518164435946462,7.999271955518818,4.883285495342041,3.5218657036333822,1.0,10.0,10.0
StateHistory,ST-30,F-38,ST-30,1st,1,ST-30,ML,multistage,template_axis,133.6,161.01676454395349,1.696060037523452,2.8692514813768524,1.6491763454832764,1.8059645907919122,1.0,10.0,10.0
StateHistory,ST-30,F-38,ST-30,2nd,2,ST-30,ML,multistage,template_axis,196.2,201.1058401548648,1.425891181988743,2.449248914763704,3.2244432717467917,2.5197571444220594,1.0,10.0,10.0
StateHistory,ST-30,F-38,ST-30,3rd,3,ST-30,ML,multistage,template_axis,311.9,288.4609636620883,4.352720450281426,2.488860945129826,6.9593164574219495,2.5845984133074054,1.0,10.0,10.0
StateHistory,ST-34,F-42,ST-34A,1st,1,ST-34,ML,multistage,template_axis,253.3,217.48169826234943,3.191176470588235,2.6981567076384927,0.8394293125089781,1.3280240439656479,1.0,1.0,10.0
StateHistory,ST-34,F-42,ST-34A,2nd,2,ST-34,ML,multistage,template_axis,316.1,255.91988084903326,2.235294117647059,2.386017100479354,1.8758311226981628,1.667439549345172,1.0,1.0,10.0
StateHistory,ST-34,F-42,ST-34A,3rd,3,ST-34,ML,multistage,template_axis,351.2,303.26073750761924,1.9705882352941175,2.1288097293382346,1.6050854626952324,2.215549943151944,1.0,1.0,10.0
StateHistory,ST-34,F-43,ST-34B,1st,1,ST-34,ML,multistage,template_axis,173.4,157.21261012624848,2.4261036468330137,2.2889644872375365,3.9567450278405656,1.462135467580579,1.0,1.0,10.0
StateHistory,ST-34,F-43,ST-34B,2nd,2,ST-34,ML,multistage,template_axis,254.0,221.0247372571998,3.777351247600768,2.4363151140481283,7.373968690134767,1.541665787874714,1.0,1.0,10.0
StateHistory,ST-34,F-43,ST-34B,3rd,3,ST-34,ML,multistage,template_axis,288.9,257.5006752268298,3.408829174664107,2.1629296514180076,5.5596230439567575,1.9202333984060727,1.0,1.0,10.0
StateHistory,ST-36,F-2,ST-36,single,1,ST-36,MH,single_stage,template_axis,264.5,279.2559959822837,3.81021897810219,6.0292431668426305,3.627790225091772,5.315461833273075,1.0,10.0,10.0
StateHistory,ST-37,F-22,ST-37A,1st,1,ST-37,MH,multistage,template_axis,177.4,147.6516405431244,2.564102564102564,2.9837610739448164,6.672003767195702,3.1651075422371133,1.0,10.0,10.0
StateHistory,ST-37,F-22,ST-37A,2nd,2,ST-37,MH,multistage,template_axis,195.6,177.7742615373376,1.8608058608058609,2.6016834852010913,4.10143687937546,3.5754838249455836,1.0,10.0,10.0
StateHistory,ST-37,F-23,ST-37B,1st,1,ST-37,MH,multistage,template_axis,177.2,161.35494076274856,2.298507462686567,2.927486476195388,0.4215882052684649,3.0682195336577895,1.0,10.0,10.0
StateHistory,ST-37,F-23,ST-37B,2nd,2,ST-37,MH,multistage,template_axis,197.2,188.77601310844702,4.447761194029851,2.583478650571452,19.886564797092525,3.557716864098616,1.0,10.0,10.0
StateHistory,ST-38,F-24,ST-38A,1st,1,ST-38,MH,multistage,template_axis,186.5,163.94659571518073,3.123388581952118,2.970327150238416,1.2496247645913257,3.230181982372374,10.0,10.0,100.0
StateHistory,ST-38,F-24,ST-38A,2nd,2,ST-38,MH,multistage,template_axis,180.1,218.4567408598523,1.6206261510128912,2.5550433223136295,0.4890032749721647,3.9649460207942653,10.0,10.0,100.0
StateHistory,ST-38,F-25,ST-38B,1st,1,ST-38,MH,multistage,template_axis,103.4,142.70336426559092,3.02367941712204,3.1340893552742544,2.3016770387936343,2.524808284781226,10.0,10.0,100.0
StateHistory,ST-38,F-25,ST-38B,2nd,2,ST-38,MH,multistage,template_axis,195.1,182.76575456542108,4.772313296903461,2.7245992880413423,10.112043339491516,3.5076973005138874,10.0,10.0,100.0
StateHistory,ST-39,F-26,ST-39A,1st,1,ST-39,MH,multistage,template_axis,146.1,135.45394034902674,2.6867924528301885,3.213358509415837,1.9610426945079364,3.290403325288557,1.0,10.0,10.0
StateHistory,ST-39,F-26,ST-39A,2nd,2,ST-39,MH,multistage,template_axis,166.2,156.46775195241344,1.9169811320754715,2.8347379929793712,4.66495355862502,3.87994450481975,1.0,10.0,10.0
StateHistory,ST-39,F-27,ST-39B,1st,1,ST-39,MH,multistage,template_axis,143.5,149.18692019001114,1.922365988909427,3.315865678071327,1.4067517893306432,3.21218648705476,1.0,10.0,10.0
StateHistory,ST-39,F-27,ST-39B,2nd,2,ST-39,MH,multistage,template_axis,207.3,192.03439913799485,4.273567467652495,2.802540872142095,6.966261665786128,3.77159311295554,1.0,10.0,10.0
StateHistory,ST-40,F-4,ST-40,single,1,ST-40,MH,single_stage,high_tick_calibrated,160.0,164.58022640660008,6.146892655367233,6.936933402375147,8.971136384189133,3.133055429007262,1.0,10.0,100.0
StateHistory,ST-42,F-5,ST-42,single,1,ST-42,MH,single_stage,template_axis,200.5,238.02917252228104,11.37313432835821,6.805194539320933,3.2681003689619574,3.009219972352648,1.0,10.0,10.0
StateHistory,ST-43,F-6,ST-43,single,1,ST-43,MH,single_stage,high_tick_calibrated,388.9,303.1918368764072,5.506692160611855,6.887262645571035,2.261567493320885,2.232251380997207,1.0,10.0,10.0
StateHistory,ST-47,F-8,ST-47,single,1,ST-47,MH,single_stage,high_tick_calibrated,292.8,261.05898929472175,10.27289719626168,7.248783309273232,4.54764495335301,5.014424842273668,10.0,10.0,10.0
StateHistory,ST-49,F-28,ST-49A,1st,1,ST-49,MH,multistage,template_axis,168.2,159.08892838553945,2.3670411985018727,2.9865782222069277,1.489966116109284,3.3832528817236676,1.0,1.0,100.0
StateHistory,ST-49,F-28,ST-49A,2nd,2,ST-49,MH,multistage,template_axis,202.7,204.04721673436873,2.411985018726591,2.530132870858557,2.8786560593800843,3.9369127235077572,1.0,1.0,100.0
StateHistory,ST-49,F-29,ST-49B,1st,1,ST-49,MH,multistage,template_axis,111.7,138.03384863749798,2.317757009345794,3.0874146189889697,0.8026491123809197,2.777654331266306,1.0,1.0,100.0
StateHistory,ST-49,F-29,ST-49B,2nd,2,ST-49,MH,multistage,template_axis,169.6,184.21261050273003,2.332710280373832,2.628568326697617,2.270240188178077,3.623291397471995,1.0,1.0,100.0
StateHistory,ST-49,F-29,ST-49B,3rd,3,ST-49,MH,multistage,template_axis,206.2,221.91953318343218,3.0205607476635516,2.299985244326848,2.688521864717334,4.2381134385343096,1.0,1.0,100.0
StateHistory,ST-50,F-10,ST-50,single,1,ST-50,MH,single_stage,high_tick_calibrated,197.2,191.48319304440201,11.3648393194707,6.590519266846083,14.441041006119924,3.379458507941849,1.0,10.0,100.0
StateHistory,ST-51,F-30,ST-51,1st,1,ST-51,MH,multistage,template_axis,159.3,154.90943395996493,2.224677716390423,3.2515676583682533,5.657304106068023,2.5119102993647515,1.0,10.0,10.0
StateHistory,ST-51,F-30,ST-51,2nd,2,ST-51,MH,multistage,template_axis,200.0,204.72471422127276,4.876611418047882,2.7249940197450973,12.216873697615233,3.006601769413894,1.0,10.0,10.0
StateHistory,ST-52,F-31,ST-52,1st,1,ST-52,MH,multistage,template_axis,215.5,179.84574984380978,3.4327808471454877,3.3009835670581964,0.8348914135744603,2.189361261870382,1.0,10.0,10.0
StateHistory,ST-52,F-31,ST-52,2nd,2,ST-52,MH,multistage,template_axis,266.3,225.48612929997168,2.327808471454881,2.888849655327101,2.893835924631728,2.7193149979977296,1.0,10.0,10.0
StateHistory,ST-53,F-11,ST-53,single,1,ST-53,MH,single_stage,high_tick_calibrated,202.7,236.09562357880128,10.732075471698112,7.428321020472925,2.646284637776997,3.654782631861189,1.0,10.0,10.0
StateHistory,ST-54,F-12,ST-54,single,1,ST-54,MH,single_stage,high_tick_calibrated,239.9,273.70250845753003,11.574626865671643,7.073141316906507,2.1779328605345136,3.078354813831021,1.0,10.0,10.0
StateHistory,ST-57,F-32,ST-57,1st,1,ST-57,ML,multistage,template_axis,318.4,325.08378042117,3.020257826887661,3.138059209196161,0.7670144749911346,1.7909789923639012,10.0,10.0,100.0
StateHistory,ST-57,F-32,ST-57,2nd,2,ST-57,ML,multistage,template_axis,366.5,389.15458596018874,1.561694290976059,2.824191439871687,1.0882572405101605,2.167171473817812,10.0,10.0,100.0
StateHistory,ST-57,F-32,ST-57,3rd,3,ST-57,ML,multistage,template_axis,377.8,436.44139008507665,1.1639042357274405,2.587293622375159,0.363409368061785,2.4654382328019886,10.0,10.0,100.0
StateHistory,ST-59,F-13,ST-59B,single,1,ST-59,SC,single_stage,high_tick_calibrated,175.1,210.2332205562126,3.8382352941176463,6.140134662085598,2.1939377982437227,6.155497852178479,1.0,10.0,0.0
StateHistory,ST-59,F-33,ST-59A,1st,1,ST-59,SC,multistage,template_axis,136.5,161.41229861344203,2.5018726591760303,2.8376424931373223,0.5971660063513222,3.500839143449227,1.0,10.0,0.0
StateHistory,ST-59,F-33,ST-59A,2nd,2,ST-59,SC,multistage,template_axis,252.4,235.29990308051492,2.1872659176029967,2.3483362723664416,4.346558774498098,1.022231710655176,1.0,10.0,0.0
StateHistory,ST-60,F-14,ST-60,single,1,ST-60,SC,single_stage,high_tick_calibrated,175.1,210.9574258396377,9.550561797752808,4.87104779601499,5.921130160238131,2.834583721717394,1.0,10.0,100.0
StateHistory,ST-62,F-35,ST-62,1st,1,ST-62,ML,multistage,template_axis,174.4,231.0409697181293,2.339622641509434,1.9175377333343973,2.444090507019552,1.4430599243281377,1.0,1.0,10.0
StateHistory,ST-62,F-35,ST-62,2nd,2,ST-62,ML,multistage,template_axis,218.6,283.22643589696764,1.6905660377358491,1.6742245718039728,2.5206470266803382,1.798608481324351,1.0,1.0,10.0
StateHistory,ST-64,F-36,ST-64,1st,1,ST-64,ML,multistage,template_axis,237.9,261.24323758472457,2.3547169811320754,2.5841680579587822,1.877808970267375,1.5077146506747112,1.0,10.0,10.0
StateHistory,ST-64,F-36,ST-64,2nd,2,ST-64,ML,multistage,template_axis,257.9,316.4216043448985,0.9811320754716985,2.298327406006702,1.5614651664373538,2.0479479087130246,1.0,10.0,10.0
StateHistory,ST-65,F-17,ST-65A,single,1,ST-65,ML,single_stage,template_axis,388.2,302.7224581579144,4.301886792452829,5.791767141287704,0.8019182154275645,2.6370528012301007,1.0,10.0,10.0
StateHistory,ST-65,F-18,ST-65B,single,1,ST-65,ML,single_stage,high_tick_calibrated,432.3,348.72080047329433,4.130019120458891,5.9591801845093535,1.3438884305385317,2.458853503307114,1.0,10.0,10.0
StateHistory,ST-74,F-40,ST-74,1st,1,ST-74,ML,multistage,template_axis,272.0,259.38180704806365,3.625468164794007,1.9800778073964198,1.1040411088271778,1.7019835685697196,1.0,1.0,10.0
StateHistory,ST-74,F-40,ST-74,2nd,2,ST-74,ML,multistage,template_axis,321.7,309.741208031721,2.1573033707865172,1.7640156071242463,2.591537319871672,2.0605784642290916,1.0,1.0,10.0
StateHistory,ST-75,F-19,ST-75,single,1,ST-75,ML,single_stage,high_tick_calibrated,281.3,282.0313931110224,6.79035250463822,5.478470449765634,2.031135401407161,2.7080554341290037,1.0,10.0,10.0
StateHistory,ST-77,F-20,ST-77,single,1,ST-77,ML,single_stage,high_tick_calibrated,315.8,315.91565543768496,4.37593984962406,5.338612812737497,8.478443441583133,2.588010618660457,1.0,10.0,100.0
StateHistory,ST-79,F-44,ST-79A,1st,1,ST-79,ML,multistage,template_axis,319.5,277.4440585122932,3.756906077348066,2.5333668350413747,0.6177995977893,1.387832218019621,1.0,10.0,10.0
StateHistory,ST-79,F-44,ST-79A,2nd,2,ST-79,ML,multistage,template_axis,357.2,268.39991469172645,2.1510128913443833,2.075746165242412,1.7422327959612514,1.9869997602646285,1.0,10.0,10.0
StateHistory,ST-79,F-44,ST-79A,3rd,3,ST-79,ML,multistage,template_axis,383.5,308.4219924702885,1.9152854511970536,1.8421180012318892,0.792674685525182,2.5007303286628417,1.0,10.0,10.0
StateHistory,ST-79,F-45,ST-79B,1st,1,ST-79,ML,multistage,template_axis,288.6,377.96538865199517,3.285171102661597,3.0716823880132034,0.9558105466274732,1.0564175498506554,1.0,10.0,10.0
StateHistory,ST-79,F-45,ST-79B,2nd,2,ST-79,ML,multistage,template_axis,374.9,449.729561432757,2.7528517110266155,2.6866435043828947,4.966015388666184,1.4614566448792035,1.0,10.0,10.0
StateHistory,ST-79,F-45,ST-79B,3rd,3,ST-79,ML,multistage,template_axis,469.1,484.810017234597,3.7110266159695815,2.304604486704601,4.633469921988288,2.2764151331085585,1.0,10.0,10.0
StateHistory,ST-80,F-46,ST-80A,1st,1,ST-80,ML,multistage,template_axis,409.1,370.6757234670669,4.285714285714286,3.033281003651779,0.8578195921316184,1.3128897732906346,10.0,1.0,10.0
StateHistory,ST-80,F-46,ST-80A,2nd,2,ST-80,ML,multistage,template_axis,500.6,433.9403664212973,2.5112781954887216,2.8768697148846476,2.0571599585960754,2.1149780606971733,10.0,1.0,10.0
StateHistory,ST-80,F-46,ST-80A,3rd,3,ST-80,ML,multistage,template_axis,550.9,487.0887146573398,2.571428571428571,2.77444861748981,2.1624908445117144,2.7779031390446156,10.0,1.0,10.0
StateHistory,ST-80,F-47,ST-80B,1st,1,ST-80,ML,multistage,template_axis,234.3,215.84071899872575,3.575091575091575,2.349726309836756,1.2102026607822007,1.3635535238549892,10.0,1.0,10.0
StateHistory,ST-80,F-47,ST-80B,2nd,2,ST-80,ML,multistage,template_axis,297.9,318.54743702493715,1.3772893772893773,2.9130510383580703,0.963619005993249,1.6209176264307426,10.0,1.0,10.0
StateHistory,ST-80,F-47,ST-80B,3rd,3,ST-80,ML,multistage,template_axis,389.9,403.8865269843627,2.578754578754579,2.6083812496083723,2.8412470777208414,2.454134449318877,10.0,1.0,10.0
StateHistory,ST-80,F-47,ST-80B,4th,4,ST-80,ML,multistage,template_axis,468.8,552.9888153584951,1.655677655677656,3.033533078039212,0.9235575304172198,2.8420815954727785,10.0,1.0,10.0
StateHistory,ST-81,F-37,ST-81,1st,1,ST-81,ML,multistage,template_axis,150.1,153.0139803173117,2.590909090909091,2.669931301849038,2.0879595144460916,5.345533903812381,1.0,10.0,1.0
StateHistory,ST-81,F-37,ST-81,2nd,2,ST-81,ML,multistage,template_axis,163.6,167.52958527946538,1.8333333333333333,2.410120632957635,2.8101903466204847,6.368308357718919,1.0,10.0,1.0
StateHistory,ST-81,F-37,ST-81,3rd,3,ST-81,ML,multistage,template_axis,199.6,200.4701504318179,2.454545454545454,2.3263234967057658,1.9766773456262745,7.513935224332365,1.0,10.0,1.0
StateHistory,ST-81,F-37,ST-81,4th,4,ST-81,ML,multistage,template_axis,236.9,238.66742486891093,2.333333333333333,2.2546932267816873,3.122536890156355,8.938144812593881,1.0,10.0,1.0
StateHistory,ST-83,F-39,ST-83,1st,1,ST-83,ML,multistage,template_axis,161.7,193.36184101108466,2.4842883548983363,2.3563181788010783,5.858299354618212,2.392379892349704,1.0,1.0,10.0
StateHistory,ST-83,F-39,ST-83,2nd,2,ST-83,ML,multistage,template_axis,190.9,214.75227884497295,3.4750462107208873,2.133489781682983,8.57722857627614,2.9588820754685337,1.0,1.0,10.0
StateHistory,ST-83,F-39,ST-83,3rd,3,ST-83,ML,multistage,template_axis,217.4,233.0497077141087,2.410351201478743,1.9458638879366263,2.547331618927098,3.57048817164861,1.0,1.0,10.0
StateHistory,ST-85,F-21,ST-85,single,1,ST-85,ML,single_stage,high_tick_calibrated,330.3,308.8355151456162,4.6654205607476635,6.461758437120187,1.4672078511482505,3.0167135183399862,10.0,10.0,10.0
StateHistory,ST-87,F-41,ST-87,1st,1,ST-87,ML,multistage,template_axis,318.0,292.2107691775109,4.584103512014787,2.924106863134867,0.9748019156223556,1.384617949969257,10.0,10.0,10.0
StateHistory,ST-87,F-41,ST-87,2nd,2,ST-87,ML,multistage,template_axis,388.2,329.7802908830014,2.484288354898336,2.672803048219211,2.2698644913442263,2.169625637784528,10.0,10.0,10.0
StateHistory,ST-87,F-41,ST-87,3rd,3,ST-87,ML,multistage,template_axis,443.3,371.6118498216535,2.853974121996303,2.422342056608664,3.387075528012156,2.6303449116726156,10.0,10.0,10.0
StateHistory,ST-91,F-3,ST-91,single,1,ST-91,MH,single_stage,template_axis,187.5,231.276638412559,6.278293135435993,7.036167305190352,2.621411436301523,3.3904688714228333,1.0,10.0,10.0
StateHistory,ST-94,F-7,ST-94,single,1,ST-94,MH,single_stage,high_tick_calibrated,433.7,320.23615549832596,6.433460076045627,7.600186862486702,3.5732464553547727,2.912717321702836,10.0,10.0,10.0
